,season,gender,type,price,style,goods,fabric,design,shape,pattern,sales
0,0,0,0,1,0,0,0,0,0,0,0
1,1,1,1,4,0,0,1,1,0,1,0
2,1,1,0,2,0,0,2,2,1,2,0
3,2,1,2,2,0,0,3,0,0,2,0
4,3,1,3,3,1,0,2,3,0,0,0
5,1,1,4,7,2,1,4,0,2,1,0
6,0,1,0,1,2,0,5,2,3,2,0
7,1,1,1,3,3,0,6,0,0,1,0
8,1,1,1,4,2,0,1,1,0,3,0
9,2,1,3,2,4,0,7,2,0,4,0
10,4,1,5,2,2,2,8,4,4,1,0
11,5,1,5,3,3,2,9,4,5,1,0
12,0,0,0,1,2,0,0,2,0,2,0
13,2,0,1,4,2,0,1,2,0,2,0
14,5,0,0,1,4,0,5,0,0,3,0
15,0,0,5,2,2,2,8,0,6,1,0
16,2,0,1,3,2,0,1,3,0,2,0
17,0,1,2,2,2,0,10,0,0,0,0
18,0,1,2,2,2,0,10,0,3,1,0
19,5,1,0,1,5,0,0,0,3,4,0
20,0,0,0,2,2,0,0,2,0,4,0
21,0,1,0,2,2,0,0,2,0,4,0
22,0,0,0,2,2,0,0,0,0,3,0
23,0,1,0,1,0,0,5,5,3,2,0
24,0,0,6,4,4,2,11,0,6,1,0
25,5,1,7,4,5,2,12,6,7,5,0
26,5,1,2,2,2,0,10,7,0,1,0
27,0,1,5,4,3,2,13,4,5,1,0
28,0,0,2,2,2,0,14,0,0,2,0
29,2,1,3,2,3,0,0,2,0,2,0
30,0,1,0,2,2,0,0,0,2,2,0
31,2,1,1,3,3,0,6,1,0,2,0
32,0,1,6,2,2,2,15,0,6,1,0
33,6,1,8,10,0,1,16,8,2,1,0
34,5,1,5,3,2,2,8,4,4,1,0
35,5,1,0,1,5,0,0,0,0,2,0
36,0,1,9,5,5,3,4,2,0,5,0
37,0,1,5,3,3,2,9,4,8,1,0
38,0,0,0,2,2,0,0,3,0,0,0
39,0,1,0,2,2,0,5,5,3,2,0
40,0,1,0,2,2,0,5,2,3,2,0
41,7,0,6,2,0,2,15,0,0,1,0
42,2,1,5,4,3,2,13,4,8,1,0
43,2,0,3,3,3,0,17,0,0,2,0
44,0,1,7,4,0,2,18,0,2,1,0
45,0,0,0,3,3,0,0,2,3,0,0
46,0,1,6,1,2,2,11,0,9,1,0
47,7,1,0,2,2,0,17,9,0,4,0
48,7,1,0,1,0,0,0,0,0,2,0
49,0,1,9,4,2,0,5,2,3,1,0
50,7,1,0,1,2,0,19,3,3,2,0
51,5,0,6,2,5,2,3,0,5,1,0
52,3,1,0,3,5,0,5,0,0,1,0
53,5,1,2,3,2,0,10,7,1,1,0
54,0,0,0,0,0,0,0,0,0,2,0
55,0,1,7,4,2,3,18,10,7,5,0
56,0,0,5,1,5,2,8,0,6,1,0
57,0,0,2,2,0,0,14,5,0,2,0
58,2,1,3,3,3,0,17,10,0,2,0
59,5,1,0,1,1,0,5,2,1,2,0
60,0,1,0,1,0,0,0,9,2,2,0
61,0,1,0,1,3,0,0,2,0,4,0
62,2,0,1,4,3,0,1,3,0,2,0
63,0,1,2,2,5,0,10,0,0,1,0
64,8,1,3,3,2,0,2,3,0,2,0
65,0,0,0,1,2,0,0,2,1,2,0
66,0,1,6,2,2,2,18,0,6,1,0
67,5,1,2,2,0,0,10,7,0,1,0
68,0,0,5,4,2,2,8,0,6,1,0
69,2,0,0,2,2,0,0,5,0,2,0
70,7,1,0,2,2,0,2,2,3,2,0
71,0,1,0,1,5,0,0,3,0,2,0
72,8,1,6,3,2,2,15,0,10,1,0
73,0,0,0,2,0,0,0,2,0,4,0
74,0,0,0,2,0,0,0,9,1,2,0
75,2,1,2,2,2,0,10,11,0,1,0
76,0,1,7,4,2,2,20,10,7,5,0
77,3,1,3,3,0,0,17,2,3,2,0
78,3,0,10,6,5,1,3,0,2,6,0
79,4,0,11,7,2,1,4,0,2,1,0
80,0,0,6,2,2,2,12,6,0,6,0
81,8,0,6,3,5,2,5,2,5,1,0
82,0,1,2,2,2,0,10,0,0,1,0
83,0,1,9,4,2,0,4,10,1,1,0
84,5,1,0,0,5,0,0,0,0,2,0
85,8,1,0,2,5,0,0,2,0,0,0
86,0,1,5,2,0,2,8,4,5,7,0
87,2,1,5,3,3,2,9,4,8,1,0
88,0,1,0,2,2,0,5,2,3,4,0
89,4,0,6,5,2,2,5,0,0,1,0
90,5,1,7,4,0,2,20,10,9,1,0
91,5,1,0,0,1,0,0,0,0,2,0
92,7,0,6,2,2,2,11,0,0,2,0
93,0,1,5,3,0,2,8,4,6,1,0
94,7,1,6,2,0,2,21,0,11,2,0
95,0,0,0,1,2,0,0,5,0,4,0
96,0,0,6,2,0,2,22,0,0,2,0
97,2,1,5,4,2,2,13,4,10,1,0
98,0,0,6,3,4,2,12,12,0,1,0
99,5,0,0,1,2,0,5,0,0,1,0
100,5,1,0,1,0,0,0,11,3,1,0
101,0,0,0,1,0,0,0,10,0,2,0
102,7,1,0,1,2,0,2,2,0,2,0
103,0,1,7,4,1,2,2,13,2,1,0
104,0,1,0,2,2,0,2,0,3,2,0
105,7,1,0,2,2,0,0,2,3,2,0
106,0,1,9,4,1,0,10,14,1,1,0
107,5,1,5,4,2,2,8,0,10,1,0
108,5,1,2,2,2,0,10,9,3,1,0
109,0,1,0,1,0,0,5,2,1,3,0
110,0,0,6,2,0,2,23,0,0,2,0
111,0,1,9,4,1,3,3,7,1,1,0
112,0,1,2,3,3,0,10,7,0,1,0
113,5,1,0,1,1,0,5,2,3,2,0
114,0,1,9,4,4,3,2,0,0,1,0
115,2,1,5,3,2,2,13,4,4,1,0
116,4,0,0,2,0,0,0,0,0,2,0
117,5,0,2,3,0,0,10,5,1,1,0
118,0,1,2,2,0,0,10,0,0,0,0
119,0,0,9,4,3,3,0,2,0,4,0
120,0,1,0,0,2,0,0,2,0,2,0
121,0,1,7,4,2,2,0,0,3,1,0
122,5,1,0,1,3,0,0,10,3,2,0
123,0,0,0,2,2,0,0,2,0,2,0
124,2,1,5,3,2,2,13,4,6,1,0
125,0,0,6,2,2,2,11,0,6,1,0
126,6,0,3,3,4,0,2,0,0,3,0
127,0,1,0,2,2,0,0,0,3,1,0
128,8,0,10,5,0,1,4,2,2,1,0
129,8,1,3,3,0,0,2,3,0,2,0
130,1,1,1,4,1,0,6,0,3,1,0
131,0,0,9,4,4,0,0,2,0,2,0
132,0,1,0,2,0,0,5,9,3,1,0
133,7,1,0,2,0,0,0,0,0,1,0
134,6,0,4,4,2,1,23,0,2,1,0
135,2,0,3,4,3,0,24,2,0,2,0
136,0,1,7,3,2,2,5,5,7,1,0
137,0,1,0,1,1,0,0,0,3,2,0
138,5,0,5,5,2,2,8,0,10,1,0
139,2,0,3,2,2,0,24,2,0,4,0
140,0,1,0,1,3,0,0,2,0,2,0
141,1,1,4,5,2,1,4,8,9,1,0
142,0,0,0,2,5,0,0,0,1,1,0
143,0,1,0,1,2,0,5,5,0,2,0
144,0,0,0,2,2,0,0,0,0,2,0
145,8,0,10,5,2,1,4,0,2,1,0
146,0,1,10,5,2,1,3,4,7,1,0
147,0,0,2,3,2,0,14,0,0,1,0
148,0,1,0,1,0,0,5,5,1,0,0
149,5,1,2,2,0,0,10,9,0,5,0
150,8,0,3,2,1,0,2,2,0,2,0
151,5,1,5,4,3,2,8,4,10,1,0
152,2,0,1,3,2,0,1,5,0,1,0
153,5,0,0,1,1,0,5,0,0,1,0
154,5,0,6,3,2,2,5,0,6,2,0
155,5,1,2,2,0,0,3,3,0,0,0
156,8,1,0,2,1,0,0,0,0,2,0
157,5,0,0,1,1,0,5,0,0,6,0
158,0,1,0,1,4,0,0,2,0,2,0
159,0,1,0,2,0,0,5,2,3,4,0
160,1,1,4,7,3,1,4,0,2,1,0
161,8,1,10,5,5,1,2,0,7,1,0
162,0,0,0,2,3,0,0,2,3,2,0
163,0,1,6,2,3,2,5,0,6,1,0
164,0,0,10,5,0,1,4,0,0,1,0
165,5,1,2,3,0,0,12,9,0,1,0
166,3,1,10,4,5,1,15,0,2,1,0
167,5,1,6,4,4,2,0,0,4,2,0
168,0,1,7,4,2,2,4,0,7,1,0
169,0,0,2,2,0,0,10,3,0,1,0
170,1,0,8,10,2,1,3,0,2,1,0
171,7,1,0,1,2,0,0,0,3,2,0
172,1,0,8,7,0,1,25,0,0,2,0
173,5,1,2,2,0,0,10,7,3,1,0
174,5,0,0,2,2,0,5,0,0,1,0
175,0,0,6,2,4,2,5,2,6,2,0
176,0,0,0,1,0,0,0,5,0,4,0
177,0,1,10,5,0,1,3,4,7,1,0
178,7,1,0,2,2,0,0,3,0,2,0
179,2,1,3,3,3,0,17,0,3,2,0
180,0,1,0,2,5,0,0,0,0,1,0
181,2,1,3,4,3,0,17,0,0,1,0
182,0,0,0,2,0,0,0,2,0,6,0
183,0,0,0,1,2,0,0,0,0,1,0
184,7,0,6,2,2,2,12,10,0,2,0
185,3,0,11,7,1,1,3,0,2,1,0
186,7,1,0,2,2,0,2,2,0,2,0
187,8,1,3,3,0,0,2,3,0,7,0
188,0,1,6,1,2,2,3,0,6,1,0
189,1,1,1,4,5,0,6,0,3,1,0
190,1,1,4,5,2,1,4,0,2,1,0
191,0,1,2,2,5,0,10,0,3,1,0
192,0,1,7,4,2,2,8,4,2,1,0
193,3,1,2,3,1,0,26,9,0,1,0
194,8,1,11,4,0,1,3,2,12,2,0
195,5,1,9,5,5,3,4,10,0,1,0
196,0,1,9,4,0,0,2,2,0,4,0
197,0,0,0,0,2,0,0,2,0,2,0
198,4,0,6,4,3,2,22,0,0,2,0
199,5,0,0,1,2,0,5,0,0,6,0
200,0,1,9,4,2,3,2,2,3,2,0
201,5,1,6,3,2,2,18,0,6,1,0
202,5,1,6,2,0,2,11,0,6,1,0
203,0,1,6,2,2,2,22,0,4,2,0
204,0,1,0,1,2,0,2,0,3,2,0
205,7,1,2,2,2,0,10,0,3,1,0
206,0,1,7,2,0,2,18,14,7,1,0
207,5,1,0,1,3,0,0,0,3,2,0
208,5,0,0,2,4,0,5,9,0,2,0
209,0,1,0,1,3,0,2,2,3,4,0
210,0,1,0,1,2,0,5,2,1,2,0
211,5,0,5,4,2,2,8,0,5,1,0
212,5,1,7,3,2,2,27,4,9,1,0
213,5,1,0,1,1,0,0,0,3,4,0
214,5,1,2,3,2,0,10,0,0,5,0
215,6,1,5,4,0,2,27,0,10,1,0
216,0,1,0,1,2,0,0,0,2,2,0
217,0,0,10,5,2,1,4,0,0,1,0
218,1,0,4,7,2,1,3,0,2,1,0
219,5,1,5,4,3,2,8,4,5,1,0
220,1,0,4,6,2,1,3,0,2,1,0
221,0,0,6,4,3,2,11,0,6,1,0
222,5,0,10,4,5,1,4,0,2,1,0
223,0,0,0,2,0,0,0,0,1,2,0
224,2,0,1,3,3,0,1,2,0,4,0
225,0,0,6,2,0,2,15,0,6,1,0
226,7,0,6,2,0,2,16,0,0,2,0
227,7,1,0,2,2,0,0,2,0,2,0
228,1,1,1,1,2,0,1,0,0,1,0
229,2,1,3,2,3,0,17,0,0,2,0
230,5,1,0,2,0,0,5,2,1,1,0
231,0,1,5,2,2,2,8,4,5,1,0
232,0,1,9,3,0,0,5,2,3,2,0
233,1,1,4,5,5,1,4,0,2,1,0
234,5,1,6,3,3,2,5,0,6,1,0
235,0,1,2,2,2,0,10,14,0,1,0
236,5,0,0,1,2,0,28,3,0,1,0
237,5,0,6,4,0,2,15,0,6,1,0
238,0,1,0,1,3,0,2,2,0,2,0
239,0,1,0,2,1,0,0,0,3,2,0
240,3,1,6,3,5,2,14,4,5,1,0
241,0,0,0,1,0,0,0,9,1,2,0
242,5,0,9,4,0,0,0,5,0,2,0
243,0,1,9,4,2,0,4,7,1,1,0
244,0,1,9,4,0,0,2,0,3,1,0
245,8,1,6,3,0,2,15,0,10,1,0
246,5,0,5,4,2,2,8,0,10,1,0
247,0,0,0,2,2,0,0,0,0,4,0
248,0,1,0,0,2,0,0,3,0,2,0
249,0,1,6,3,3,2,5,0,6,1,0
250,5,1,0,0,5,0,0,0,3,6,0
251,2,1,3,2,2,0,2,2,0,2,0
252,2,1,3,1,3,0,17,0,0,1,0
253,0,0,0,2,2,0,28,11,0,1,0
254,8,1,5,4,0,2,8,0,10,1,0
255,0,1,6,1,0,2,22,0,2,2,0
256,0,1,7,4,2,3,3,7,7,1,0
257,0,1,6,3,4,2,5,0,6,1,0
258,5,0,0,2,0,0,5,0,0,1,0
259,0,1,2,2,0,0,10,10,0,5,0
260,8,0,10,5,0,1,4,0,2,1,0
261,8,1,2,2,2,0,12,0,0,3,0
262,5,1,0,1,5,0,5,2,3,2,0
263,8,0,3,4,1,0,2,2,0,2,0
264,5,0,0,2,0,0,28,2,0,0,0
265,8,1,6,3,2,2,5,0,5,1,0
266,0,1,0,2,5,0,23,6,3,5,0
267,5,1,0,1,5,0,5,0,1,2,0
268,7,1,0,1,2,3,2,2,0,2,0
269,0,1,6,2,2,2,3,0,6,1,0
270,5,1,0,0,0,0,0,3,0,2,0
271,0,0,6,2,2,2,18,0,0,1,0
272,0,1,6,2,0,2,5,0,6,1,0
273,5,1,0,1,0,0,0,3,3,2,0
274,8,1,2,2,2,0,10,9,0,1,0
275,7,1,0,2,2,0,0,0,3,2,0
276,0,1,2,2,0,0,10,10,3,1,0
277,0,0,0,1,2,0,0,0,0,2,0
278,7,1,0,2,2,0,19,3,3,1,0
279,1,0,4,8,2,1,3,0,2,1,0
280,2,1,3,4,2,0,17,0,3,2,0
281,0,0,0,2,3,0,0,2,0,2,0
282,5,1,0,1,4,0,0,0,3,2,0
283,0,0,0,1,0,0,0,2,0,4,0
284,0,0,9,2,2,0,0,2,0,2,0
285,0,1,2,3,4,0,10,7,0,1,0
286,5,0,0,1,0,0,28,2,0,2,0
287,0,0,0,2,1,0,0,11,0,6,0
288,0,1,6,2,5,2,11,0,6,1,0
289,0,1,0,2,5,0,0,0,3,2,0
290,8,1,6,3,1,2,15,0,10,1,0
291,8,1,6,3,5,2,15,0,10,1,0
292,3,1,3,2,0,0,5,3,0,2,0
293,0,1,0,1,2,0,0,2,3,0,0
294,4,1,0,3,3,0,2,2,0,2,0
295,5,1,0,2,0,0,5,0,0,1,0
296,0,1,2,2,0,0,10,9,12,1,0
297,5,0,5,4,0,2,8,0,10,1,0
298,5,1,6,4,3,2,0,0,4,2,0
299,5,1,0,1,1,0,5,2,3,1,0
300,5,0,6,4,0,2,5,0,6,1,0
301,0,1,9,2,2,0,5,2,3,2,0
302,5,1,0,1,1,0,0,0,3,2,0
303,3,1,6,0,0,2,5,2,11,1,0
304,6,1,4,9,2,1,4,0,2,1,0
305,0,1,7,3,2,2,18,9,9,1,0
306,0,1,0,1,0,0,2,2,0,2,0
307,5,1,6,3,2,2,11,0,6,1,0
308,5,0,0,2,4,0,0,2,0,2,0
309,0,1,7,4,0,2,5,13,9,4,0
310,0,0,0,1,2,0,0,0,0,6,0
311,3,1,2,3,5,0,26,3,0,1,0
312,0,1,9,3,2,0,5,2,3,2,0
313,8,0,3,3,5,0,2,2,0,3,0
314,5,1,0,1,0,0,5,2,0,2,0
315,0,0,0,1,0,0,0,0,0,3,0
316,0,0,6,2,2,2,15,0,6,1,0
317,0,1,2,2,2,0,10,0,0,5,0
318,7,1,0,2,2,0,0,0,3,4,0
319,0,0,0,3,2,0,0,0,1,0,0
320,0,0,0,2,2,0,0,5,0,2,0
321,8,1,0,2,2,0,29,9,1,2,0
322,0,1,9,3,2,0,2,0,0,1,0
323,0,1,0,2,2,0,5,9,3,1,0
324,5,1,0,2,2,0,0,11,0,1,0
325,8,1,2,3,5,0,3,3,0,5,0
326,8,1,12,5,5,1,30,0,12,1,0
327,2,0,1,3,3,0,1,3,0,1,0
328,7,1,0,1,4,0,0,0,3,2,0
329,4,0,3,4,3,0,24,2,0,2,0
330,0,1,0,1,3,0,5,2,0,8,0
331,5,1,6,2,2,2,11,0,6,1,0
332,5,1,11,4,2,1,3,0,7,1,0
333,0,1,0,2,3,0,2,2,0,2,0
334,0,1,2,2,1,0,10,10,3,1,0
335,0,0,0,1,3,0,0,0,0,4,0
336,0,1,0,1,0,0,0,0,3,1,0
337,0,1,0,1,2,0,2,2,3,2,0
338,0,1,0,1,2,0,0,2,1,7,0
339,5,1,2,2,0,0,10,0,3,1,0
340,0,1,9,5,2,0,4,2,3,2,0
341,0,1,0,1,3,0,21,2,3,2,0
342,8,1,6,2,2,2,14,4,5,1,0
343,0,0,0,2,2,0,0,0,0,6,0
344,0,1,2,2,0,0,10,7,3,1,0
345,1,0,4,7,3,1,3,0,2,1,0
346,2,0,1,2,2,0,1,3,0,2,0
347,0,1,2,2,0,0,10,0,0,5,0
348,2,1,5,3,3,2,8,4,4,1,0
349,0,1,0,2,2,0,5,9,3,2,0
350,3,1,6,2,0,2,5,2,8,1,0
351,0,0,9,4,3,0,0,12,0,2,0
352,0,1,0,1,2,0,5,2,1,3,0
353,5,0,6,1,2,2,15,0,6,1,0
354,1,1,4,5,2,1,4,8,12,1,0
355,0,0,9,1,2,3,0,2,0,3,0
356,0,0,0,1,0,0,0,2,0,2,0
357,0,1,0,1,0,0,5,2,1,0,0
358,0,0,6,1,3,2,23,0,6,1,0
359,8,1,3,2,0,0,2,3,0,2,0
360,0,1,0,1,2,0,5,2,3,0,0
361,1,1,4,5,2,1,4,0,12,1,0
362,2,0,3,2,3,0,17,0,0,2,0
363,7,1,0,2,2,0,2,14,0,1,0
364,0,0,9,4,3,0,0,2,0,4,0
365,0,1,6,3,5,2,31,14,8,1,0
366,5,0,6,2,2,2,15,0,6,2,0
367,0,0,0,0,2,0,0,0,0,2,0
368,3,1,10,4,1,1,15,0,2,1,0
369,2,0,6,4,2,2,32,10,0,2,0
370,2,1,3,3,3,0,17,2,0,2,0
371,0,1,0,1,0,0,0,2,3,0,0
372,6,0,4,3,2,1,23,0,2,1,0
373,0,1,0,1,2,0,0,0,0,1,0
374,5,1,5,2,2,2,13,0,3,1,0
375,1,1,1,3,2,0,6,1,0,7,0
376,3,1,2,3,2,0,4,0,0,1,0
377,0,1,9,3,3,3,5,2,0,2,0
378,0,1,0,2,2,0,2,2,3,4,0
379,5,0,0,2,4,0,5,0,0,0,0
380,5,0,0,1,0,0,5,0,0,8,0
381,5,1,0,1,0,0,0,2,3,2,0
382,0,1,0,2,0,0,5,2,0,2,0
383,0,0,0,2,3,0,0,2,0,3,0
384,2,1,1,1,0,0,19,15,0,1,0
385,5,1,0,1,4,0,0,10,3,2,0
386,5,0,0,2,0,0,0,2,0,1,0
387,0,0,5,3,2,2,8,0,6,1,0
388,2,0,3,3,2,0,24,2,0,2,0
389,6,1,5,4,0,2,13,4,4,1,0
390,2,1,11,6,2,1,4,0,7,5,0
391,3,0,3,3,5,0,0,5,0,2,0
392,5,1,6,3,0,2,5,0,6,1,0
393,3,1,11,4,1,1,10,0,7,1,0
394,0,1,5,4,2,2,9,4,13,1,0
395,3,1,3,0,5,0,5,2,0,2,0
396,0,1,0,1,4,0,5,2,3,0,0
397,0,1,0,1,0,0,5,2,1,2,0
398,0,0,0,1,0,0,0,0,0,1,0
399,4,0,11,5,2,1,4,0,2,1,0
400,1,1,13,5,2,1,4,0,2,1,0
401,2,1,3,2,2,0,0,3,0,2,0
402,0,0,0,1,2,0,0,2,0,4,0
403,0,1,5,2,4,2,13,4,5,1,0
404,8,0,3,3,1,0,2,2,0,3,0
405,0,0,0,1,2,0,0,10,0,2,0
406,0,0,10,4,2,1,4,10,0,2,0
407,0,0,5,1,1,2,8,0,6,1,0
408,5,0,0,2,2,0,5,0,0,2,0
409,5,0,5,4,2,2,8,4,0,1,0
410,0,1,0,2,1,0,0,0,0,1,0
411,5,0,6,2,0,2,15,0,6,2,0
412,0,1,5,2,0,2,9,4,8,1,0
413,0,1,0,2,2,0,2,14,3,1,0
414,5,0,0,1,3,0,28,3,0,0,0
415,8,0,10,5,0,1,3,0,2,1,0
416,0,1,9,3,3,0,2,0,0,1,0
417,0,0,5,3,5,2,8,0,6,1,0
418,0,1,2,2,2,0,10,9,3,1,0
419,1,0,4,5,2,1,3,0,2,1,0
420,2,0,1,2,2,0,1,3,0,1,0
421,0,1,5,2,2,2,9,4,8,1,0
422,0,1,0,1,1,0,2,2,0,2,0
423,5,1,0,1,5,0,5,2,1,2,0
424,5,1,0,1,2,0,0,2,3,2,0
425,0,1,0,1,2,0,5,9,1,1,0
426,2,0,3,1,2,0,17,2,0,2,0
427,0,1,6,0,2,2,15,0,5,1,0
428,0,0,2,2,2,0,14,5,0,2,0
429,0,0,6,4,2,2,23,0,6,1,0
430,2,1,6,3,3,2,17,0,11,2,0
431,0,1,2,2,0,0,10,9,2,1,0
432,0,1,2,2,0,0,10,14,0,1,0
433,8,1,3,3,2,0,2,3,0,7,0
434,8,1,6,2,3,2,15,0,10,1,0
435,8,1,10,4,1,1,3,0,12,1,0
436,0,1,2,2,5,0,10,10,3,1,0
437,5,0,0,1,2,0,0,2,0,1,0
438,2,1,5,4,3,2,8,4,13,1,0
439,0,0,0,2,0,0,0,16,0,2,0
440,5,1,7,2,2,2,27,4,9,1,0
441,0,0,0,2,5,0,0,0,0,1,0
442,2,1,3,1,2,0,17,3,0,2,0
443,0,0,0,2,2,0,0,5,0,1,0
444,5,1,0,1,1,0,0,0,0,2,0
445,0,1,0,1,2,0,2,2,1,2,0
446,2,1,10,3,2,1,4,8,2,1,0
447,0,1,0,1,3,0,0,0,0,7,0
448,1,1,1,4,4,0,33,0,0,2,0
449,3,0,3,4,4,0,24,2,3,2,0
450,5,0,2,2,2,0,14,0,0,3,0
451,0,0,2,2,2,0,10,2,1,3,0
452,0,0,6,1,2,2,11,0,6,1,0
453,2,1,6,3,3,2,22,0,11,2,0
454,2,1,5,3,2,2,13,4,10,1,0
455,5,0,0,1,2,0,0,9,0,2,0
456,2,0,5,4,3,2,8,0,0,1,0
457,0,0,0,1,2,0,0,0,0,3,0
458,7,1,0,1,2,0,0,2,0,2,0
459,5,1,0,2,0,0,0,2,0,0,0
460,0,1,0,2,0,0,0,0,3,1,0
461,0,1,9,4,2,0,2,0,3,1,0
462,5,1,0,3,3,0,26,14,3,2,0
463,6,0,3,3,0,0,2,0,0,1,0
464,0,1,9,4,2,0,2,2,0,4,0
465,5,1,0,1,0,0,5,2,1,2,0
466,2,0,3,2,2,0,24,2,0,2,0
467,0,1,0,1,0,0,0,2,0,5,0
468,0,1,9,4,2,0,2,9,3,1,0
469,7,0,0,1,3,0,0,5,0,2,0
470,1,1,8,9,0,1,25,0,0,1,0
471,0,1,9,4,0,3,2,2,3,2,0
472,2,1,0,2,5,0,2,0,0,1,0
473,0,0,0,1,0,0,0,2,0,3,0
474,0,1,7,4,0,2,8,4,2,1,0
475,5,1,0,1,2,0,0,11,3,1,0
476,8,1,2,3,4,0,34,0,0,1,0
477,0,0,0,2,2,0,0,0,0,1,0
478,7,1,0,1,3,0,2,2,3,2,0
479,0,0,0,2,2,0,0,0,3,2,0
480,0,0,0,2,2,0,0,3,0,2,0
481,3,1,5,4,4,2,8,4,4,1,0
482,2,1,1,3,3,0,1,0,0,1,0
483,8,1,10,4,5,1,3,0,12,1,0
484,8,1,6,2,4,2,15,0,4,1,0
485,5,1,6,3,3,2,5,0,14,2,0
486,7,1,0,2,3,0,2,2,0,4,0
487,5,1,0,0,2,0,0,2,0,2,0
488,2,0,6,2,2,2,32,0,0,1,0
489,7,1,9,4,2,0,2,2,0,2,0
490,4,0,1,4,2,0,1,2,0,2,0
491,0,0,0,2,2,0,0,10,1,3,0
492,0,0,0,2,2,0,0,0,0,0,0
493,5,1,0,2,5,0,0,0,0,1,0
494,3,0,5,4,1,2,8,0,6,1,0
495,5,1,5,3,4,2,9,4,5,1,0
496,2,0,6,4,3,2,22,0,6,1,0
497,0,1,0,1,0,0,2,0,3,2,0
498,8,1,0,3,5,0,0,0,0,1,0
499,6,1,1,1,2,0,1,0,0,1,0
500,5,1,0,1,5,0,0,0,0,1,0
501,0,1,7,4,2,2,5,13,9,4,0
502,0,1,2,2,5,0,10,9,3,1,0
503,0,1,2,2,2,0,20,9,0,1,0
504,0,1,6,1,2,2,23,0,5,1,0
505,7,0,0,2,3,0,0,0,0,2,0
506,5,1,5,2,1,2,8,0,10,1,0
507,2,0,3,4,3,0,17,0,0,2,0
508,4,0,1,4,2,0,1,9,0,2,0
509,0,1,7,3,0,2,18,9,9,1,0
510,8,1,0,3,5,0,5,11,0,4,0
511,0,0,6,2,2,2,23,0,6,1,0
512,0,0,0,2,0,0,0,0,0,1,0
513,7,0,6,2,2,2,15,0,0,1,0
514,0,1,6,1,2,2,15,0,6,1,0
515,0,0,0,2,2,0,0,11,0,6,0
516,8,0,3,3,1,0,2,2,0,5,0
517,0,1,6,3,2,2,15,0,6,1,0
518,2,0,1,2,2,0,1,0,0,1,0
519,8,1,6,2,5,2,5,2,11,1,0
520,7,0,6,4,2,2,35,0,0,1,0
521,0,0,0,2,2,0,0,16,0,2,0
522,5,1,9,4,0,0,4,9,0,1,0
523,5,0,10,4,2,1,23,2,2,2,0
524,0,1,6,1,2,2,22,0,2,2,0
525,2,1,1,4,3,0,36,11,0,1,0
526,0,0,0,2,3,0,0,2,0,4,0
527,4,0,5,4,2,2,8,0,0,1,0
528,0,1,5,2,3,2,13,4,5,2,0
529,0,0,6,2,2,2,14,0,0,1,0
530,5,1,6,1,0,2,11,0,6,1,0
531,3,0,5,4,5,2,8,0,6,1,0
532,0,0,0,2,1,0,0,9,0,1,0
533,0,0,6,3,2,2,14,0,0,0,0
534,0,0,0,2,1,0,5,0,0,3,0
535,7,0,0,1,3,0,0,5,3,2,0
536,3,1,11,4,5,1,10,0,7,1,0
537,0,1,5,2,3,2,9,4,5,1,0
538,8,0,5,4,2,2,8,0,10,1,0
539,2,1,0,2,2,0,2,2,0,2,0
540,1,1,4,7,2,1,4,0,7,1,0
541,5,1,5,4,4,2,8,4,10,1,0
542,0,0,0,2,0,0,0,9,0,3,0
543,7,0,6,4,2,2,37,0,0,1,0
544,8,1,3,3,2,0,17,0,0,2,0
545,0,1,7,3,0,3,18,9,7,1,0
546,1,1,1,7,2,0,6,17,3,1,0
547,0,1,7,3,0,2,18,10,9,5,0
548,0,0,9,4,4,0,0,2,0,4,0
549,0,0,5,2,5,2,8,0,5,1,0
550,7,0,6,2,3,2,22,0,0,2,0
551,5,0,0,1,0,0,28,3,0,3,0
552,2,1,11,5,2,1,23,0,2,1,0
553,0,1,6,2,2,2,11,0,6,1,0
554,0,1,6,1,4,2,3,0,6,1,0
555,0,1,5,2,3,2,8,4,5,1,0
556,0,1,0,1,2,0,0,0,3,1,0
557,5,1,6,3,2,2,5,0,6,1,0
558,8,1,6,2,4,2,15,0,10,1,0
559,0,1,5,2,3,2,13,4,5,1,0
560,0,0,0,2,2,0,0,3,0,3,0
561,8,0,10,5,5,1,35,2,2,2,0
562,7,0,6,3,2,2,35,0,0,1,0
563,4,1,1,4,2,0,36,0,3,1,0
564,4,0,5,4,3,2,8,0,0,1,0
565,2,0,3,2,2,0,24,2,0,3,0
566,3,1,6,2,1,2,15,0,4,1,0
567,0,0,0,1,2,0,0,0,0,4,0
568,0,0,0,1,2,0,0,2,0,3,0
569,0,1,0,1,5,0,0,0,3,2,0
570,0,1,10,4,2,1,23,0,12,1,0
571,2,0,11,7,2,1,4,0,2,1,0
572,5,1,10,4,2,1,23,0,2,1,0
573,0,1,0,1,2,0,5,5,3,2,0
574,0,1,7,4,0,3,3,7,7,1,0
575,0,0,0,1,2,0,28,2,0,4,0
576,5,1,0,1,5,0,5,0,3,2,0
577,0,0,6,3,2,2,14,0,0,1,0
578,3,0,6,3,4,2,16,0,0,2,0
579,2,0,1,3,2,0,1,2,0,1,0
580,0,1,0,1,0,0,0,0,0,2,0
581,0,1,7,3,1,2,4,7,7,1,0
582,3,0,3,4,3,0,24,2,3,2,0
583,5,0,6,4,2,2,5,0,6,1,0
584,5,0,10,4,0,1,23,2,2,2,0
585,0,1,9,5,5,3,10,1,3,5,0
586,5,0,6,4,2,2,28,0,6,1,0
587,5,0,0,1,5,0,5,0,0,6,0
588,5,1,2,2,2,0,10,9,0,5,0
589,0,0,0,1,2,0,28,10,0,6,0
590,2,1,0,2,5,0,2,2,0,2,0
591,8,0,10,7,4,1,27,2,2,2,0
592,8,1,6,3,0,2,5,0,5,1,0
593,0,1,0,2,5,0,21,2,3,4,0
594,0,1,7,2,2,2,27,4,9,1,0
595,5,1,5,4,2,2,8,4,10,1,0
596,7,0,0,2,2,0,0,0,0,1,0
597,0,1,0,2,5,0,2,14,0,2,0
598,2,0,5,4,3,2,9,0,6,1,0
599,4,1,1,3,2,0,1,1,0,2,0
600,5,1,0,1,5,0,0,0,3,2,0
601,1,0,4,3,2,1,23,0,2,1,0
602,7,1,2,2,3,0,10,14,3,1,0
603,8,0,6,3,5,2,4,0,5,1,0
604,5,0,2,3,2,0,10,5,1,1,0
605,0,0,6,2,2,2,12,0,0,1,0
606,2,1,3,3,2,0,2,2,0,2,0
607,2,1,0,2,2,0,17,0,3,2,0
608,3,1,6,4,2,2,5,0,5,1,0
609,0,1,9,4,1,0,4,7,3,2,0
610,0,1,0,2,1,0,23,6,3,5,0
611,0,0,6,1,4,2,23,0,6,1,0
612,8,1,11,6,3,1,3,0,7,1,0
613,0,1,0,2,3,0,0,0,0,3,0
614,0,0,0,1,2,0,0,9,1,2,0
615,0,1,0,2,0,0,2,0,3,2,0
616,0,1,0,1,0,0,0,2,1,2,0
617,7,1,0,2,0,0,0,2,3,2,0
618,0,1,0,1,2,0,0,2,0,4,0
619,5,1,0,2,1,0,0,0,0,2,0
620,0,1,0,2,1,0,21,15,3,2,0
621,0,1,0,1,0,0,5,2,3,0,0
622,0,0,0,1,2,0,0,2,0,8,0
623,0,1,0,0,2,0,0,0,3,5,0
624,5,1,2,2,0,0,3,0,0,1,0
625,5,1,9,4,3,0,2,2,3,2,0
626,0,1,6,2,2,2,5,0,6,1,0
627,0,1,5,4,4,2,8,4,6,1,0
628,0,1,2,2,2,0,10,10,3,1,0
629,0,1,0,1,2,0,5,2,1,0,0
630,0,1,7,3,2,2,18,10,9,5,0
631,5,1,6,3,1,2,3,0,6,1,0
632,0,1,0,1,0,0,5,5,0,2,0
633,0,0,0,1,4,0,0,2,0,2,0
634,0,0,6,1,2,2,15,0,6,1,0
635,0,1,2,2,2,0,10,7,3,1,0
636,0,0,2,2,2,0,10,3,0,1,0
637,0,1,5,2,3,2,9,4,6,1,0
638,0,1,9,4,0,0,5,2,0,1,0
639,0,0,6,4,2,2,12,0,0,1,0
640,7,1,0,1,3,0,2,2,0,2,0
641,0,0,0,2,5,0,0,9,0,1,0
642,0,0,6,3,3,2,11,0,6,1,0
643,7,1,0,0,2,0,0,3,0,2,0
644,0,1,0,1,0,0,0,2,3,4,0
645,3,1,0,3,5,0,2,0,1,1,0
646,0,1,5,1,0,2,9,4,5,1,0
647,5,0,0,1,4,0,5,0,0,2,0
648,0,1,2,2,0,0,3,10,3,5,0
649,5,1,0,2,2,0,5,2,3,1,0
650,2,0,6,3,3,2,17,5,6,2,0
651,4,1,1,3,0,0,6,0,0,2,0
652,0,0,6,2,0,2,12,6,0,6,0
653,0,1,0,2,4,0,0,5,0,2,0
654,3,1,6,2,5,2,15,0,10,1,0
655,6,0,8,9,0,1,10,0,0,1,0
656,0,0,6,4,2,2,35,0,6,1,0
657,5,1,6,1,2,2,11,0,6,1,0
658,5,1,0,0,2,0,0,3,0,2,0
659,5,1,2,3,0,0,10,7,1,1,0
660,0,1,9,5,1,0,10,1,3,5,0
661,5,0,6,4,2,2,15,0,0,1,0
662,5,1,5,3,5,2,8,4,14,1,0
663,2,0,3,3,3,0,24,2,0,4,0
664,2,0,6,4,2,2,15,4,0,1,0
665,5,1,5,2,2,2,8,4,10,1,0
666,5,1,7,3,0,2,27,4,9,1,0
667,8,0,6,3,5,2,5,2,5,2,0
668,1,1,8,7,2,1,38,0,1,2,0
669,5,1,2,2,2,0,10,0,3,1,0
670,0,0,2,2,0,0,10,2,0,2,0
671,0,1,0,1,2,0,0,0,1,2,0
672,6,1,3,2,0,0,2,0,3,2,0
673,0,0,6,3,0,2,11,0,6,1,0
674,2,1,3,2,3,0,2,2,0,2,0
675,2,1,3,2,3,0,2,2,0,4,0
676,5,1,11,4,0,1,3,0,7,1,0
677,5,1,0,2,2,0,0,0,0,0,0
678,0,1,0,1,0,0,0,0,0,1,0
679,5,1,2,3,1,0,10,10,0,5,0
680,7,0,0,2,2,0,0,0,0,2,0
681,5,0,0,2,0,0,5,0,0,2,0
682,8,1,12,5,1,1,30,0,7,1,0
683,7,0,0,1,3,0,0,0,0,2,0
684,0,1,2,3,0,0,10,0,2,1,0
685,4,1,1,4,3,0,6,14,3,1,0
686,2,1,1,3,2,0,1,5,3,1,0
687,0,0,6,4,0,2,12,0,0,1,0
688,3,1,2,2,2,0,3,9,1,1,0
689,5,1,0,0,0,0,5,2,1,2,0
690,0,1,0,1,2,0,0,2,0,5,0
691,0,0,6,4,2,2,11,0,6,1,0
692,7,0,0,1,4,0,0,5,3,2,0
693,3,1,2,2,2,0,4,0,0,2,0
694,4,1,3,4,2,0,17,0,3,8,0
695,7,0,0,1,0,0,0,2,0,4,0
696,4,0,0,2,2,0,0,0,0,2,0
697,0,0,9,2,0,0,0,2,0,2,0
698,4,1,3,3,2,0,2,2,0,2,0
699,5,0,0,1,0,0,28,2,0,7,0
700,7,1,2,2,0,0,10,9,0,1,0
701,8,0,10,6,1,1,4,0,2,2,0
702,0,1,0,1,4,0,0,0,3,2,0
703,0,0,0,2,0,0,0,10,1,3,0
704,0,0,9,2,0,3,0,2,0,2,0
705,2,1,3,2,2,0,17,0,0,6,0
706,2,1,11,6,2,1,4,0,2,1,0
707,0,0,5,4,5,2,8,0,6,1,0
708,4,1,1,4,4,0,6,14,3,1,0
709,0,1,7,4,5,2,4,14,2,1,0
710,5,0,0,2,4,0,5,0,0,1,0
711,0,1,0,2,0,0,0,2,0,4,0
712,0,1,0,1,3,0,5,2,3,0,0
713,0,0,6,3,3,2,12,12,0,1,0
714,5,0,0,1,0,0,5,0,0,4,0
715,5,1,5,2,5,2,8,0,10,1,0
716,0,1,0,1,2,0,0,0,0,2,0
717,7,0,0,2,2,0,0,9,0,2,0
718,3,0,6,4,5,2,4,0,5,1,0
719,5,0,0,1,2,0,28,3,0,3,0
720,5,1,9,4,2,0,4,9,0,1,0
721,0,0,0,1,2,0,0,0,0,7,0
722,3,1,5,3,5,2,8,0,5,1,0
723,8,0,10,5,1,1,35,0,2,1,0
724,8,1,5,4,2,2,8,0,10,1,0
725,3,1,0,3,5,0,2,0,3,1,0
726,2,0,10,5,2,1,4,0,2,1,0
727,4,1,5,4,2,2,13,4,6,1,0
728,7,1,0,2,0,0,0,0,3,2,0
729,1,1,4,6,2,1,4,0,2,1,0
730,2,0,5,3,2,2,8,0,5,1,0
731,5,1,6,1,0,2,15,0,6,1,0
732,0,1,0,1,2,0,5,9,3,3,0
733,8,0,6,1,0,2,17,0,0,2,0
734,0,0,0,3,0,0,0,2,0,6,0
735,0,0,9,1,4,0,0,2,0,2,0
736,4,1,1,6,2,0,6,15,3,1,0
737,0,1,9,4,5,3,3,7,1,1,0
738,5,1,0,1,2,0,5,2,0,2,0
739,0,0,0,2,1,0,0,0,1,1,0
740,7,1,1,1,2,0,1,0,3,1,0
741,0,1,5,2,0,2,13,4,5,1,0
742,0,0,6,4,2,2,14,0,0,1,0
743,4,1,5,3,2,2,13,4,6,1,0
744,0,1,6,0,2,2,15,4,0,1,0
745,0,0,0,1,0,0,0,0,0,4,0
746,0,1,0,1,2,0,0,9,2,2,0
747,0,0,0,2,4,0,0,2,3,2,0
748,4,1,11,6,2,1,4,8,2,1,0
749,5,1,5,4,0,2,8,0,10,1,0
750,7,1,0,2,2,0,0,0,0,1,0
751,5,1,0,1,3,0,0,2,3,2,0
752,7,1,0,2,5,0,0,2,0,2,0
753,0,1,9,4,2,3,5,2,3,2,0
754,0,1,0,2,4,0,2,2,3,2,0
755,2,1,5,4,3,2,8,4,4,2,0
756,8,1,6,3,0,2,15,0,5,1,0
757,0,1,0,1,2,0,0,0,3,2,0
758,0,1,2,2,4,0,10,0,3,1,0
759,3,1,6,2,2,2,15,0,10,1,0
760,0,1,5,2,4,2,8,4,5,1,0
761,2,0,10,3,2,1,4,0,2,1,0
762,7,1,9,4,2,0,4,2,0,1,0
763,0,1,0,1,0,0,5,2,0,2,0
764,4,0,6,4,3,2,5,0,0,2,0
765,2,1,11,6,3,1,4,0,12,2,0
766,8,1,3,0,1,0,5,2,0,2,0
767,0,0,0,2,2,0,0,9,0,3,0
768,5,1,6,3,3,2,15,0,5,1,0
769,0,1,9,4,5,0,27,4,1,1,0
770,0,1,7,2,0,2,27,4,9,1,0
771,3,1,6,0,1,2,3,0,10,1,0
772,3,1,3,2,5,0,5,2,0,2,0
773,0,0,6,3,3,2,12,0,0,2,0
774,3,1,0,2,5,0,2,3,0,1,0
775,5,0,0,1,2,0,5,0,0,8,0
776,1,1,4,5,2,1,4,8,2,1,0
777,6,0,8,10,4,1,38,0,0,2,0
778,0,0,0,2,2,0,0,3,3,0,0
779,3,1,2,2,0,0,4,0,0,9,0
780,3,1,6,3,5,2,5,0,5,1,0
781,0,1,0,1,4,0,2,2,0,2,0
782,5,1,7,2,0,2,27,4,9,1,0
783,0,0,6,1,5,2,15,0,6,1,0
784,3,0,3,4,2,0,5,0,3,2,0
785,2,0,0,2,2,0,0,0,0,6,0
786,5,1,6,2,1,2,11,0,6,1,0
787,5,1,7,4,2,2,2,0,7,1,0
788,2,1,11,7,2,1,4,0,7,1,0
789,0,0,0,2,2,0,0,2,0,0,0
790,0,1,5,1,2,2,9,4,5,1,0
791,8,1,0,2,1,0,0,2,0,0,0
792,2,1,10,3,2,1,4,0,9,1,0
793,0,1,0,1,2,0,5,2,3,4,0
794,0,1,9,3,2,3,2,0,0,1,0
795,5,1,5,2,0,2,13,0,3,1,0
796,0,1,5,4,3,2,13,4,4,1,0
797,4,0,6,4,2,2,15,0,0,2,0
798,0,1,7,4,0,2,10,0,7,1,0
799,2,1,11,7,2,1,4,8,7,1,0
800,7,1,7,4,2,3,0,0,3,1,0
801,0,0,0,3,0,0,0,0,0,2,0
802,0,1,0,2,3,0,4,11,3,2,0
803,0,1,6,2,5,2,15,0,6,1,0
804,3,1,9,4,5,0,5,2,0,2,0
805,0,1,2,2,2,0,3,10,3,5,0
806,0,0,0,1,2,0,28,2,0,8,0
807,0,1,0,2,2,0,5,0,0,2,0
808,8,1,6,3,4,2,15,0,14,1,0
809,8,1,5,3,0,2,8,0,10,1,0
810,8,0,3,4,0,0,2,2,3,2,0
811,0,0,0,2,0,0,0,3,0,3,0
812,0,1,9,5,1,3,4,2,0,5,0
813,3,0,11,7,5,1,3,0,2,1,0
814,5,1,0,0,2,0,5,2,1,2,0
815,7,0,6,2,4,2,22,0,0,2,0
816,8,1,12,5,5,1,30,0,7,1,0
817,5,1,5,4,3,2,8,0,4,1,0
818,4,1,5,3,3,2,9,4,8,1,0
819,5,0,0,1,2,0,5,0,0,4,0
820,5,0,0,2,2,0,0,2,0,1,0
821,0,1,0,2,0,0,0,0,0,1,0
822,7,1,0,2,4,0,22,0,3,2,0
823,5,1,2,2,2,0,3,0,0,1,0
824,0,1,2,2,1,0,10,9,3,1,0
825,5,1,0,1,3,0,26,14,3,2,0
826,0,1,0,2,0,0,2,2,3,2,0
827,7,1,0,2,2,0,17,2,0,2,0
828,5,1,0,1,5,0,0,0,0,6,0
829,5,1,5,3,0,2,8,4,10,1,0
830,0,0,10,4,2,1,4,0,0,1,0
831,0,0,0,2,2,0,5,0,0,3,0
832,7,1,2,2,2,0,10,9,3,1,0
833,8,0,5,4,3,2,8,0,10,1,0
834,5,1,6,2,2,2,14,0,10,1,0
835,0,1,9,4,2,0,5,2,0,1,0
836,0,1,7,4,5,2,2,13,2,1,0
837,5,1,0,2,2,0,5,2,1,1,0
838,3,1,10,4,5,1,3,0,2,1,0
839,0,1,0,1,0,0,5,9,3,3,0
840,7,0,6,2,3,2,35,0,0,2,0
841,0,1,0,1,2,0,0,2,0,2,0
842,5,1,5,3,0,2,8,4,4,1,0
843,7,1,0,2,5,0,2,2,3,8,0
844,5,0,0,2,3,0,5,0,0,3,0
845,2,0,3,4,3,0,17,0,0,7,0
846,0,1,7,4,2,2,18,0,2,1,0
847,0,1,0,2,2,0,5,2,0,2,0
848,2,1,10,5,2,1,4,8,7,1,0
849,2,1,5,3,2,2,9,4,4,1,0
850,0,1,0,2,1,0,21,2,3,4,0
851,0,0,0,2,0,0,0,0,0,4,0
852,0,0,0,2,2,0,0,0,1,2,0
853,0,1,0,2,0,0,2,14,3,1,0
854,0,1,5,3,2,2,13,4,10,1,0
855,0,0,6,3,2,2,11,0,6,1,0
856,0,0,0,1,2,0,0,5,0,1,0
857,3,1,12,6,5,1,39,0,2,1,0
858,0,1,5,4,3,2,9,4,4,1,0
859,6,1,4,9,3,1,4,0,2,1,0
860,1,1,13,4,2,1,4,0,2,1,0
861,0,0,0,3,3,0,0,2,0,6,0
862,0,1,9,4,0,0,2,2,0,1,0
863,0,1,0,2,3,0,2,2,0,4,0
864,5,0,0,1,2,0,0,2,0,3,0
865,5,0,0,1,2,0,28,2,0,7,0
866,5,0,0,2,3,0,5,0,0,1,0
867,5,1,7,4,2,2,20,10,9,1,0
868,7,0,6,3,0,2,28,0,0,1,0
869,2,0,1,3,2,0,1,0,0,1,0
870,8,1,2,3,5,0,31,7,1,1,0
871,2,1,10,5,2,1,4,0,2,1,0
872,3,1,2,3,0,0,4,0,0,1,0
873,8,1,5,4,2,2,8,0,13,1,0
874,5,1,9,5,5,0,4,10,0,1,0
875,0,1,7,4,2,2,10,0,7,1,0
876,0,1,5,2,2,2,9,4,5,1,0
877,7,1,0,2,0,0,0,9,3,1,0
878,1,1,1,3,2,0,1,5,0,1,0
879,0,1,0,1,4,0,2,2,3,4,0
880,8,1,6,3,3,2,15,0,14,1,0
881,5,1,9,4,3,0,2,0,0,1,0
882,8,1,11,6,4,1,3,0,7,1,0
883,2,1,0,2,3,0,17,0,3,2,0
884,5,0,0,1,2,0,28,2,0,2,0
885,0,0,6,2,2,2,16,0,0,2,0
886,7,1,2,2,2,0,10,9,0,1,0
887,5,0,0,1,2,0,0,3,1,2,0
888,0,1,9,5,5,3,4,0,1,1,0
889,0,1,0,2,0,0,5,0,0,2,0
890,5,1,6,3,5,2,11,0,6,1,0
891,2,0,3,2,3,0,17,5,0,2,0
892,7,1,6,2,2,2,20,0,5,1,0
893,5,1,7,3,2,2,4,9,7,1,0
894,0,1,7,4,0,2,0,0,3,1,0
895,5,0,6,4,2,2,35,0,6,1,0
896,2,1,3,2,2,0,2,0,3,2,0
897,0,0,0,2,1,0,0,5,0,1,0
898,0,1,9,4,2,0,5,5,3,2,0
899,0,1,0,2,3,0,0,5,0,2,0
900,4,1,3,4,2,0,17,2,0,2,0
901,7,1,0,1,2,0,2,2,0,4,0
902,0,1,7,4,3,2,4,0,2,1,0
903,0,1,0,2,3,0,2,2,3,4,0
904,2,1,10,3,2,1,4,0,2,1,0
905,7,0,0,2,2,0,0,0,1,1,0
906,0,1,9,4,0,0,5,2,3,1,0
907,0,1,2,2,2,0,10,10,0,5,0
908,4,1,1,5,2,0,1,1,3,2,0
909,7,1,0,1,4,0,2,2,0,2,0
910,5,1,2,3,2,0,12,9,0,1,0
911,5,1,2,2,2,0,3,3,0,0,0
912,0,1,2,2,2,0,10,9,2,1,0
913,0,0,6,3,4,2,12,0,0,2,0
914,0,0,2,3,2,0,10,9,1,2,0
915,0,1,9,4,1,0,27,4,1,1,0
916,0,1,0,1,4,0,0,0,0,2,0
917,0,1,9,4,2,0,4,7,3,1,0
918,5,0,5,4,2,2,8,0,6,1,0
919,0,1,0,1,0,0,2,2,3,2,0
920,7,1,0,2,0,0,0,0,3,4,0
921,2,1,2,3,2,0,18,9,3,2,0
922,0,1,7,3,0,2,5,5,7,1,0
923,0,0,10,4,0,1,4,0,0,1,0
924,2,1,1,1,2,0,1,0,3,1,0
925,7,1,0,2,4,0,0,0,0,2,0
926,5,1,0,1,2,0,5,2,1,2,0
927,8,1,3,3,5,0,5,2,0,4,0
928,0,1,0,1,3,0,0,0,0,2,0
929,8,1,3,3,5,0,2,0,3,2,0
930,6,1,4,4,2,1,23,0,2,1,0
931,8,1,3,4,5,0,2,5,3,2,0
932,6,1,5,4,4,2,13,4,4,1,0
933,0,1,0,1,2,0,5,5,1,0,0
934,5,1,6,2,5,2,5,2,11,2,0
935,8,1,10,5,1,1,30,0,12,1,0
936,3,1,11,6,0,1,3,0,7,2,0
937,7,1,0,2,2,0,0,9,1,2,0
938,0,1,9,4,0,0,4,7,1,1,0
939,0,1,0,2,0,0,0,0,2,2,0
940,1,1,1,3,4,0,6,0,0,1,0
941,5,1,5,3,1,2,8,4,14,1,0
942,4,0,1,4,0,0,1,9,0,2,0
943,5,1,7,1,3,2,5,0,9,2,0
944,8,0,6,4,4,2,15,0,0,2,0
945,5,1,0,1,2,0,0,2,0,0,0
946,5,0,9,4,2,0,0,5,0,2,0
947,4,1,10,6,2,1,4,8,2,1,0
948,0,0,0,1,2,0,0,0,0,0,0
949,5,1,9,4,5,0,4,7,0,1,0
950,2,1,10,5,3,1,4,0,12,1,0
951,0,0,0,2,4,0,0,2,0,3,0
952,5,1,6,3,5,2,3,0,6,1,0
953,4,0,10,5,2,1,4,0,0,2,0
954,0,1,7,3,5,2,4,7,7,1,0
955,3,1,2,2,2,0,4,0,0,9,0
956,0,1,6,2,0,2,22,0,4,2,0
957,5,1,6,3,0,2,11,0,6,1,0
958,0,1,9,2,2,0,2,2,3,2,0
959,0,0,0,2,2,0,0,9,0,1,0
960,2,1,0,2,5,0,0,6,0,3,0
961,4,0,5,4,3,2,8,0,1,1,0
962,2,1,9,4,5,0,2,2,0,3,0
963,0,0,5,4,0,2,8,0,5,1,0
964,5,0,5,3,5,2,8,0,6,1,0
965,7,1,0,2,0,0,19,3,3,1,0
966,0,1,0,1,5,0,21,2,0,2,0
967,0,0,2,2,2,0,10,2,0,2,0
968,5,1,6,2,3,2,15,0,4,1,0
969,0,1,9,3,2,3,2,0,0,2,0
970,1,1,4,6,2,1,4,0,12,1,0
971,3,1,6,3,2,2,5,0,5,1,0
972,5,1,2,3,5,0,10,10,0,5,0
973,2,0,2,3,2,0,14,5,0,1,0
974,2,1,6,3,3,2,17,0,11,1,0
975,2,1,5,4,5,2,8,4,6,1,0
976,8,1,3,3,0,0,17,0,0,2,0
977,8,1,6,3,5,2,5,0,5,1,0
978,1,1,4,6,2,1,4,0,7,1,0
979,5,1,0,1,2,0,0,3,3,2,0
980,0,1,7,2,2,2,18,14,7,1,0
981,5,1,0,1,4,0,26,14,3,2,0
982,0,1,0,2,5,0,21,15,0,2,0
983,0,1,0,2,2,0,2,0,3,3,0
984,0,0,6,4,2,2,5,0,6,2,0
985,0,1,0,2,0,0,0,0,2,1,0
986,8,0,3,3,3,0,17,0,0,2,0
987,7,1,1,2,2,0,40,5,3,1,0
988,0,1,5,3,2,2,9,4,5,1,0
989,0,0,0,2,2,0,0,9,1,2,0
990,5,1,0,2,5,0,0,0,3,1,0
991,5,1,0,1,2,0,0,2,3,8,0
992,2,1,1,2,2,0,1,9,0,2,0
993,3,1,3,3,5,0,5,0,0,2,0
994,7,0,6,4,3,2,35,0,0,1,0
995,0,0,6,1,0,2,15,4,0,1,0
996,0,1,9,3,0,0,2,0,0,2,0
997,0,0,0,3,2,0,0,0,0,2,0
998,4,1,3,4,2,0,17,0,3,2,0
999,0,1,2,2,0,0,10,9,3,5,0
1000,0,1,7,4,2,3,18,0,7,1,0
1001,2,0,0,2,2,0,0,0,0,4,0
1002,8,1,3,2,3,0,17,0,3,2,0
1003,0,1,9,4,2,3,4,7,1,1,0
1004,3,0,0,2,2,0,0,2,0,3,0
1005,8,0,10,5,2,1,4,2,2,1,0
1006,0,0,0,2,0,0,0,9,0,1,0
1007,0,1,5,3,2,2,8,4,6,1,0
1008,3,1,3,2,1,0,17,2,0,2,0
1009,0,0,6,2,2,2,22,0,0,2,0
1010,2,1,0,2,3,0,0,0,0,2,0
1011,2,1,2,2,2,0,10,0,0,1,0
1012,5,1,0,1,5,0,0,0,0,4,0
1013,7,1,0,2,0,0,2,2,3,2,0
1014,8,1,3,4,2,0,5,2,0,2,0
1015,0,1,6,1,4,2,10,0,6,1,0
1016,6,1,6,1,0,2,4,0,10,1,0
1017,0,0,0,3,3,0,0,9,0,0,0
1018,0,0,9,2,2,3,0,2,0,2,0
1019,3,0,5,4,2,2,8,0,5,1,0
1020,7,1,0,2,2,0,0,9,3,1,0
1021,0,1,7,4,0,2,3,0,7,1,0
1022,0,0,0,2,5,0,0,5,0,1,0
1023,7,0,6,2,3,2,16,0,0,2,0
1024,0,0,2,2,2,0,14,2,0,2,0
1025,0,1,0,2,2,0,5,2,3,1,0
1026,7,0,0,1,2,0,0,0,0,2,0
1027,8,0,3,4,2,0,2,2,3,2,0
1028,0,0,10,4,2,1,4,0,2,2,0
1029,0,0,6,2,0,2,15,4,0,1,0
1030,3,1,10,5,1,1,15,0,2,1,0
1031,0,1,0,2,3,0,2,2,3,2,0
1032,0,1,0,2,0,0,2,2,3,4,0
1033,3,1,10,4,2,1,3,0,2,1,0
1034,1,1,4,7,2,1,4,8,2,1,0
1035,7,1,9,4,0,0,2,2,0,2,0
1036,0,1,0,1,2,0,2,2,0,2,0
1037,5,0,6,4,5,2,5,0,5,1,0
1038,0,1,9,5,2,0,4,9,0,2,0
1039,5,1,6,2,2,2,18,0,6,1,0
1040,5,0,6,4,5,2,35,0,5,1,0
1041,0,0,6,2,2,2,15,4,0,1,0
1042,7,1,1,2,0,0,40,0,0,1,0
1043,0,1,9,5,1,3,4,0,1,1,0
1044,0,0,0,2,2,0,0,2,0,3,0
1045,4,0,10,6,2,1,41,0,2,1,0
1046,0,0,9,4,4,0,0,12,0,2,0
1047,1,0,13,4,2,1,3,0,2,1,0
1048,0,0,6,2,2,2,15,0,0,2,0
1049,2,1,0,2,3,0,22,0,3,2,0
1050,0,1,7,4,4,2,4,0,2,1,0
1051,8,0,10,5,2,1,3,0,2,1,0
1052,5,1,5,3,2,2,8,4,10,1,0
1053,8,1,6,4,5,2,5,0,5,1,0
1054,2,1,3,3,2,0,0,2,3,2,0
1055,4,1,1,3,2,0,1,1,0,0,0
1056,8,1,2,2,5,0,18,0,0,1,0
1057,8,0,10,6,4,1,4,0,2,1,0
1058,0,0,6,2,3,2,5,2,6,2,0
1059,0,1,7,2,2,3,18,14,7,1,0
1060,2,1,3,3,2,0,17,3,0,2,0
1061,0,1,2,3,2,0,10,0,2,1,0
1062,0,1,9,4,2,3,4,7,3,1,0
1063,0,1,7,3,2,3,5,9,7,1,0
1064,0,1,6,3,1,2,3,0,6,1,0
1065,7,1,3,2,3,0,17,0,0,2,0
1066,5,1,0,3,5,0,5,2,0,1,0
1067,4,0,3,1,2,0,17,2,0,2,0
1068,0,1,9,5,0,3,4,10,1,1,0
1069,0,1,9,3,4,0,5,2,0,2,0
1070,5,1,6,3,5,2,11,0,8,1,0
1071,8,1,6,4,0,2,5,0,6,1,0
1072,7,1,0,1,4,0,0,0,0,2,0
1073,6,1,6,3,0,2,2,0,11,1,0
1074,0,1,0,2,4,0,4,11,3,2,0
1075,3,1,6,2,2,2,5,2,8,1,0
1076,8,1,12,5,5,1,18,0,12,1,0
1077,0,1,0,2,2,0,0,0,2,1,0
1078,0,1,0,1,2,0,0,2,3,4,0
1079,2,1,3,3,3,0,17,0,0,2,0
1080,0,1,7,3,2,3,18,9,7,1,0
1081,8,0,3,4,5,0,2,2,0,2,0
1082,0,1,9,2,0,0,5,2,3,2,0
1083,0,0,0,2,3,0,0,10,0,3,0
1084,3,1,6,0,5,2,3,0,10,1,0
1085,5,1,11,5,2,1,3,0,7,1,0
1086,0,1,0,2,0,0,5,9,3,2,0
1087,0,1,5,4,5,2,9,4,4,1,0
1088,0,1,5,2,2,2,8,4,5,7,0
1089,8,1,5,4,5,2,8,0,10,1,0
1090,8,1,6,2,5,2,15,0,10,1,0
1091,0,0,6,1,0,2,11,0,6,1,0
1092,5,1,11,5,0,1,3,0,7,1,0
1093,0,1,0,2,2,0,0,2,3,2,0
1094,3,0,10,7,4,1,4,0,0,2,0
1095,5,1,0,2,5,0,5,0,3,1,0
1096,0,0,9,4,3,0,0,2,0,2,0
1097,3,0,10,3,2,1,23,0,2,1,0
1098,3,1,3,0,1,0,5,2,0,2,0
1099,3,1,3,2,5,0,17,2,0,2,0
1100,0,1,6,2,1,2,15,0,6,1,0
1101,4,1,3,3,3,0,2,2,0,2,0
1102,0,1,0,1,2,0,0,0,0,0,0
1103,0,0,0,3,0,0,0,2,0,2,0
1104,5,1,2,2,3,0,3,0,0,2,0
1105,0,1,0,2,2,0,0,0,0,1,0
1106,3,0,3,2,1,0,0,2,0,2,0
1107,7,1,0,1,2,0,2,2,0,7,0
1108,8,1,11,5,5,1,23,0,2,1,0
1109,5,1,2,3,3,0,10,7,0,1,0
1110,5,0,0,1,5,0,5,0,0,1,0
1111,0,1,7,4,0,3,18,2,7,5,0
1112,0,0,6,2,0,2,12,0,0,1,0
1113,0,0,0,2,2,0,0,9,0,2,0
1114,7,0,0,2,4,0,0,0,0,2,0
1115,2,0,10,5,3,1,4,0,2,1,0
1116,8,1,2,2,2,0,10,9,3,3,0
1117,4,1,1,5,0,0,1,2,3,1,0
1118,0,0,0,2,5,0,0,11,0,6,0
1119,0,0,0,1,0,0,0,2,0,1,0
1120,3,0,0,2,2,0,0,2,0,6,0
1121,8,0,10,5,2,1,3,0,2,6,0
1122,2,1,2,3,2,0,10,9,0,1,0
1123,0,1,7,2,2,2,5,13,9,1,0
1124,0,1,6,3,0,2,20,0,5,1,0
1125,0,0,0,3,3,0,0,2,3,2,0
1126,0,1,0,0,0,0,0,0,3,5,0
1127,5,0,0,2,2,0,0,2,0,2,0
1128,6,0,5,4,4,2,13,4,0,1,0
1129,5,1,6,0,0,2,0,0,5,1,0
1130,0,1,9,4,0,0,5,2,3,2,0
1131,0,0,0,2,4,0,0,2,0,2,0
1132,0,1,9,4,3,0,5,5,3,2,0
1133,0,1,0,1,1,0,21,2,0,2,0
1134,5,0,0,2,3,0,5,9,0,2,0
1135,5,1,6,1,2,2,15,0,10,1,0
1136,0,1,7,4,2,3,20,5,7,5,0
1137,0,1,7,4,1,2,4,14,2,1,0
1138,4,1,1,3,3,0,1,0,0,1,0
1139,5,0,0,1,2,0,0,0,0,2,0
1140,6,0,1,4,0,0,1,0,0,1,0
1141,0,0,0,2,5,0,0,0,0,0,0
1142,0,1,7,4,2,3,18,2,7,5,0
1143,7,1,0,1,0,0,2,2,0,7,0
1144,2,0,6,3,2,2,15,4,0,1,0
1145,2,1,3,3,3,0,0,2,3,2,0
1146,0,1,5,2,5,2,8,4,5,1,0
1147,0,1,6,1,3,2,10,0,6,1,0
1148,4,0,10,5,3,1,4,0,2,1,0
1149,6,1,8,9,0,1,25,0,9,1,0
1150,0,1,0,1,2,0,0,2,1,2,0
1151,5,1,2,2,2,0,10,7,0,2,0
1152,3,1,3,2,2,0,2,3,0,0,0
1153,0,0,9,1,0,3,0,2,0,3,0
1154,5,1,2,2,2,0,16,0,0,1,0
1155,4,1,1,4,0,0,6,11,0,1,0
1156,7,0,0,2,1,0,0,15,0,1,0
1157,3,0,3,2,2,0,0,5,3,1,0
1158,0,0,6,2,2,2,23,0,0,2,0
1159,0,1,9,4,0,0,4,10,1,1,0
1160,8,1,6,2,0,2,15,0,10,1,0
1161,5,1,9,4,2,3,4,9,0,1,0
1162,6,1,1,3,0,0,1,0,0,1,0
1163,4,1,3,3,2,0,17,3,0,2,0
1164,0,0,0,2,2,0,0,2,0,6,0
1165,3,0,5,4,2,2,8,0,10,1,0
1166,0,0,0,3,4,0,0,2,3,0,0
1167,5,0,0,2,3,0,0,3,0,2,0
1168,2,1,5,4,3,2,13,0,4,2,0
1169,3,1,1,3,0,0,1,1,0,1,0
1170,7,0,6,3,2,2,28,0,0,1,0
1171,3,1,0,3,1,0,2,0,3,2,0
1172,0,1,0,1,0,0,2,2,1,2,0
1173,2,0,2,3,2,0,14,0,0,1,0
1174,5,0,6,4,5,2,3,0,5,1,0
1175,0,1,7,4,2,3,18,0,9,1,0
1176,0,1,0,1,5,0,2,2,3,4,0
1177,5,1,5,4,4,2,8,0,4,1,0
1178,3,1,3,2,0,0,2,3,0,0,0
1179,0,1,6,2,2,2,18,0,0,1,0
1180,0,0,0,3,4,0,0,2,3,2,0
1181,2,1,10,5,2,1,4,0,7,1,0
1182,0,1,2,2,1,0,10,0,3,1,0
1183,0,1,0,1,0,0,0,2,1,7,0
1184,5,1,9,3,2,0,0,2,0,2,0
1185,0,0,6,3,4,2,5,0,6,2,0
1186,0,1,5,2,3,2,9,4,8,1,0
1187,0,0,6,3,2,2,35,6,6,1,0
1188,0,0,0,3,2,0,0,2,0,2,0
1189,5,0,0,1,0,0,5,0,0,6,0
1190,7,1,0,2,5,0,2,2,3,2,0
1191,0,1,7,4,2,3,18,0,2,1,0
1192,5,1,6,0,2,2,0,0,5,1,0
1193,2,1,1,2,2,0,40,5,3,1,0
1194,0,1,5,3,3,2,13,4,5,2,0
1195,0,1,0,2,0,0,5,2,1,0,0
1196,3,1,6,3,1,2,5,2,4,1,0
1197,5,1,9,4,4,0,2,2,3,2,0
1198,0,1,0,2,3,0,5,2,3,1,0
1199,8,1,2,3,3,0,34,0,0,1,0
1200,8,1,1,4,1,0,1,11,0,1,0
1201,8,0,2,4,4,0,10,2,0,2,0
1202,0,0,10,4,4,1,4,0,2,2,0
1203,0,1,0,1,0,0,5,2,3,4,0
1204,0,1,6,2,2,2,11,0,9,1,0
1205,8,1,2,3,2,0,34,0,1,1,0
1206,0,1,7,4,2,2,18,7,2,1,0
1207,0,1,0,2,2,0,5,9,3,3,0
1208,5,1,10,4,2,1,3,0,2,2,0
1209,0,0,0,2,0,0,0,2,0,3,0
1210,5,1,6,3,5,2,15,0,10,1,0
1211,5,1,6,3,2,2,31,0,5,1,0
1212,5,0,0,1,3,0,5,0,0,2,0
1213,3,1,2,3,5,0,26,9,1,1,0
1214,8,1,10,4,1,1,9,0,2,1,0
1215,7,1,7,4,0,3,0,0,3,1,0
1216,0,1,9,4,3,3,2,0,0,1,0
1217,8,1,6,2,5,2,15,0,5,1,0
1218,8,0,10,5,0,1,3,0,2,6,0
1219,8,1,3,3,0,0,5,2,0,2,0
1220,5,1,6,3,0,2,31,0,5,1,0
1221,5,0,5,5,2,2,8,0,4,1,0
1222,1,1,1,7,0,0,6,17,3,1,0
1223,5,0,0,2,4,0,0,3,0,2,0
1224,5,1,6,2,5,2,11,0,6,1,0
1225,8,1,3,3,5,0,5,2,0,2,0
1226,7,0,6,2,2,2,35,0,0,1,0
1227,0,1,0,2,2,0,5,2,1,0,0
1228,3,1,5,3,1,2,8,0,5,1,0
1229,5,1,6,3,5,2,15,0,6,1,0
1230,0,1,5,3,0,2,13,4,10,1,0
1231,3,1,6,2,1,2,15,0,10,1,0
1232,0,0,6,3,4,2,11,0,6,1,0
1233,2,0,3,4,3,0,0,5,0,2,0
1234,0,1,7,4,2,2,3,0,7,1,0
1235,8,1,2,2,0,0,10,9,0,1,0
1236,2,0,10,4,2,1,4,0,2,1,0
1237,0,0,0,2,0,0,0,3,0,2,0
1238,2,0,1,4,2,0,1,3,0,2,0
1239,8,1,6,4,1,2,5,0,5,1,0
1240,3,1,5,4,5,2,8,0,10,1,0
1241,0,0,5,3,1,2,8,0,6,1,0
1242,0,0,2,2,0,0,14,0,0,2,0
1243,4,0,6,4,2,2,5,0,0,1,0
1244,0,1,9,5,0,0,4,2,3,2,0
1245,5,1,9,5,1,0,4,10,0,1,0
1246,7,0,6,3,0,2,32,0,0,2,0
1247,0,0,5,4,2,2,8,0,5,1,0
1248,8,1,6,2,2,2,15,0,10,1,0
1249,0,1,5,2,3,2,9,4,5,2,0
1250,7,1,1,2,2,0,1,9,0,2,0
1251,5,1,0,1,5,0,5,2,3,1,0
1252,0,1,2,2,0,0,20,9,0,1,0
1253,6,0,3,4,4,0,2,0,0,1,0
1254,0,0,2,3,0,0,14,0,0,1,0
1255,5,0,6,2,3,2,35,0,6,3,0
1256,8,0,3,3,2,0,0,2,3,3,0
1257,7,1,0,2,1,0,2,2,3,2,0
1258,2,1,2,3,2,0,3,0,0,1,0
1259,0,1,9,4,0,0,4,7,3,1,0
1260,2,1,3,4,3,0,0,0,3,2,0
1261,2,0,2,4,2,0,14,7,0,1,0
1262,0,0,10,4,3,1,4,0,2,2,0
1263,0,0,0,2,4,0,0,2,0,4,0
1264,0,1,0,0,2,0,0,0,0,2,0
1265,7,1,3,2,3,0,2,2,0,1,0
1266,0,1,0,2,4,0,0,0,0,3,0
1267,2,1,3,2,2,0,0,2,0,2,0
1268,2,0,3,2,2,0,0,2,0,2,0
1269,7,1,0,1,2,0,0,0,0,2,0
1270,0,1,0,3,2,0,2,0,0,4,0
1271,8,1,10,6,1,1,18,11,7,1,0
1272,5,0,0,1,2,0,5,0,0,3,0
1273,0,1,9,3,4,0,2,0,0,1,0
1274,2,1,5,4,2,2,8,4,10,1,0
1275,5,1,2,3,0,0,10,0,0,5,0
1276,5,0,6,4,1,2,5,0,5,1,0
1277,5,1,0,0,1,0,0,0,3,6,0
1278,0,1,0,1,3,0,0,0,3,2,0
1279,1,1,1,2,2,0,1,5,0,2,0
1280,2,1,11,5,2,1,4,8,2,1,0
1281,8,0,6,4,5,2,42,0,5,1,0
1282,8,1,3,3,5,0,5,3,3,6,0
1283,8,0,5,5,5,2,27,0,5,6,0
1284,4,1,3,3,3,0,17,2,0,2,0
1285,5,0,6,2,4,2,35,0,6,3,0
1286,8,0,6,5,5,2,2,12,5,6,0
1287,2,0,3,2,3,0,0,0,0,2,0
1288,8,0,3,4,3,0,2,2,3,4,0
1289,2,0,0,2,2,0,0,0,0,0,0
1290,0,0,0,1,2,0,0,2,0,1,0
1291,0,1,9,3,2,0,2,0,0,2,0
1292,0,0,2,2,0,0,10,3,0,2,0
1293,0,1,9,5,5,0,10,1,3,5,0
1294,2,0,3,4,2,0,24,2,0,2,0
1295,5,1,9,4,1,0,4,7,0,1,0
1296,5,1,2,3,3,0,0,0,3,2,0
1297,0,1,7,4,2,2,3,9,7,1,0
1298,8,1,3,2,2,0,2,3,0,2,0
1299,0,1,0,2,2,0,2,2,3,2,0
1300,2,1,2,2,2,0,3,0,0,1,0
1301,2,1,3,3,4,0,43,2,3,2,0
1302,7,1,5,2,3,2,9,4,8,1,0
1303,4,0,10,6,2,1,4,0,2,1,0
1304,5,0,5,4,0,2,8,0,5,1,0
1305,0,1,7,3,0,2,3,0,7,1,0
1306,3,0,10,3,0,1,23,0,2,1,0
1307,4,0,3,4,4,0,24,3,0,2,0
1308,6,1,4,4,2,1,23,0,0,1,0
1309,2,1,5,2,2,2,13,4,6,1,0
1310,3,0,2,4,4,0,10,7,0,1,0
1311,0,0,2,3,2,0,10,2,0,4,0
1312,0,1,9,4,5,3,27,4,1,1,0
1313,5,0,0,5,4,0,0,0,0,4,0
1314,0,1,9,4,2,0,5,2,3,2,0
1315,8,1,10,4,5,1,9,0,2,1,0
1316,0,1,0,0,2,0,0,0,3,2,0
1317,3,1,6,2,2,2,15,0,14,1,0
1318,2,0,10,5,2,1,4,0,0,1,0
1319,3,1,3,3,2,0,17,2,3,2,0
1320,0,0,0,2,2,0,5,0,0,1,0
1321,5,1,6,2,2,2,35,0,14,1,0
1322,5,0,0,2,4,0,5,0,0,3,0
1323,7,1,6,2,2,2,21,0,11,2,0
1324,0,0,2,2,0,0,14,2,0,2,0
1325,2,0,10,6,2,1,4,0,0,1,0
1326,0,1,7,4,2,2,5,13,9,2,0
1327,8,0,3,3,5,0,2,2,0,5,0
1328,5,1,6,1,2,2,11,0,5,1,0
1329,5,0,0,1,0,0,0,9,0,2,0
1330,8,0,3,3,0,0,0,2,3,3,0
1331,5,1,0,2,2,0,0,2,0,0,0
1332,3,1,11,7,0,1,4,0,2,1,0
1333,3,0,3,4,0,0,17,5,0,1,0
1334,2,0,6,3,3,2,17,0,0,1,0
1335,0,1,9,4,2,3,5,5,3,2,0
1336,3,1,6,2,2,2,10,0,4,1,0
1337,0,1,5,2,2,2,13,4,5,1,0
1338,3,1,5,2,2,2,8,0,10,1,0
1339,5,0,5,5,0,2,8,0,10,1,0
1340,0,1,0,2,4,0,2,2,0,4,0
1341,8,1,6,3,2,2,15,0,4,1,0
1342,5,0,0,1,3,0,5,0,0,3,0
1343,5,0,2,2,0,0,14,0,0,3,0
1344,0,1,9,3,3,0,5,2,0,2,0
1345,2,1,11,7,2,1,4,0,7,3,0
1346,0,1,9,2,2,3,2,2,3,2,0
1347,0,1,7,5,0,3,44,0,7,1,0
1348,0,0,9,4,3,3,0,12,0,2,0
1349,4,0,11,6,2,1,4,0,0,1,0
1350,3,1,0,2,2,0,0,2,0,0,0
1351,0,1,0,1,2,0,5,2,0,2,0
1352,2,0,2,4,2,0,10,2,0,2,0
1353,0,0,6,2,3,2,12,0,0,1,0
1354,8,0,10,6,0,1,4,12,0,1,0
1355,7,1,0,2,3,0,2,2,0,2,0
1356,0,1,7,4,2,3,3,0,7,1,0
1357,3,1,0,3,5,0,2,0,3,2,0
1358,0,0,6,4,2,2,28,0,0,1,0
1359,0,1,0,1,4,0,0,0,0,7,0
1360,4,0,5,5,3,2,8,0,1,1,0
1361,3,1,6,3,1,2,15,0,4,1,0
1362,0,0,9,1,3,0,0,2,0,2,0
1363,0,1,6,3,0,2,15,0,6,1,0
1364,7,0,6,3,2,2,32,0,0,2,0
1365,5,1,0,2,5,0,0,0,0,2,0
1366,2,1,5,4,3,2,8,4,5,1,0
1367,3,0,3,1,5,0,17,0,0,3,0
1368,0,1,6,2,2,2,23,0,5,1,0
1369,5,1,0,1,1,0,0,0,0,6,0
1370,8,1,6,4,0,2,4,0,10,1,0
1371,3,0,10,4,5,1,35,0,2,1,0
1372,7,0,0,1,2,0,0,2,0,4,0
1373,0,1,0,1,0,0,5,9,1,1,0
1374,0,0,6,4,0,2,35,0,6,1,0
1375,5,1,10,4,4,1,10,0,12,1,0
1376,8,0,10,5,5,1,35,0,2,1,0
1377,0,1,6,3,5,2,15,0,8,1,0
1378,5,1,6,2,2,2,5,2,8,1,0
1379,0,1,2,2,2,0,10,9,3,5,0
1380,8,0,3,2,5,0,2,2,0,2,0
1381,8,0,10,4,5,1,35,0,2,1,0
1382,4,1,1,6,0,0,6,15,3,1,0
1383,0,1,0,2,4,0,0,5,0,1,0
1384,7,1,1,2,0,0,1,9,0,4,0
1385,7,1,0,2,2,0,45,2,0,2,0
1386,2,1,11,7,5,1,4,0,7,1,0
1387,2,1,3,3,2,0,17,0,0,2,0
1388,8,1,5,3,0,2,13,4,10,1,0
1389,7,1,0,2,1,0,0,2,0,2,0
1390,0,0,0,1,3,0,0,2,0,2,0
1391,3,0,3,4,0,0,5,0,3,2,0
1392,5,0,0,1,3,0,5,0,0,1,0
1393,5,1,2,3,4,0,10,7,0,1,0
1394,8,0,3,4,5,0,0,3,0,2,0
1395,0,1,9,4,2,0,2,2,0,1,0
1396,5,0,0,1,0,0,0,3,1,2,0
1397,5,1,2,3,4,0,0,0,3,2,0
1398,7,1,3,2,2,0,2,2,0,2,0
1399,0,0,0,1,0,0,0,5,0,1,0
1400,3,1,10,5,4,1,4,0,2,1,0
1401,5,0,0,1,0,0,0,0,0,2,0
1402,2,0,6,4,2,2,35,0,0,1,0
1403,7,1,0,1,0,0,19,3,3,2,0
1404,0,0,0,2,0,0,28,11,0,1,0
1405,5,1,6,2,2,2,15,0,10,1,0
1406,0,0,6,1,2,2,15,4,0,1,0
1407,3,1,6,3,4,2,5,0,6,1,0
1408,8,1,2,3,1,0,3,3,0,5,0
1409,0,0,6,3,2,2,22,0,0,2,0
1410,8,1,11,4,2,1,3,2,12,2,0
1411,0,1,7,3,0,3,5,9,7,1,0
1412,7,1,2,2,2,0,3,0,0,1,0
1413,0,0,0,3,2,0,0,2,0,6,0
1414,3,1,6,2,0,2,15,0,10,1,0
1415,5,0,5,4,3,2,8,0,4,1,0
1416,2,1,5,4,3,2,9,4,5,1,0
1417,2,0,0,3,2,0,0,0,0,2,0
1418,6,1,6,4,0,2,2,0,11,1,0
1419,4,0,6,4,3,2,14,0,0,1,0
1420,8,0,5,5,3,2,8,0,10,1,0
1421,5,1,6,3,1,2,15,0,6,1,0
1422,3,0,3,4,2,0,17,5,0,1,0
1423,8,1,5,3,2,2,8,0,10,1,0
1424,2,1,10,5,3,1,27,4,2,1,0
1425,8,0,11,7,1,1,3,0,2,1,0
1426,0,1,0,1,4,0,5,2,0,8,0
1427,5,0,0,1,0,0,5,0,0,3,0
1428,0,1,0,1,0,0,45,0,3,4,0
1429,6,1,4,8,0,1,23,0,12,1,0
1430,1,0,8,9,0,1,10,8,0,1,0
1431,8,1,2,3,3,0,34,0,0,2,0
1432,0,1,9,4,2,3,4,10,1,1,0
1433,0,1,0,1,5,0,2,2,0,2,0
1434,0,1,7,3,2,2,8,4,2,1,0
1435,8,1,3,3,5,0,5,5,0,2,0
1436,1,1,1,4,0,0,1,1,0,3,0
1437,8,1,0,2,5,0,0,0,0,8,0
1438,5,1,10,4,3,1,10,0,12,1,0
1439,3,1,2,2,0,0,4,0,0,2,0
1440,7,0,6,2,2,2,16,0,0,2,0
1441,2,0,6,4,5,2,22,0,6,1,0
1442,3,0,10,5,5,1,35,0,2,1,0
1443,1,0,1,5,2,0,1,5,0,1,0
1444,0,1,6,1,3,2,3,0,6,1,0
1445,2,1,10,5,2,1,4,0,12,1,0
1446,8,1,3,2,0,0,5,2,3,2,0
1447,3,1,0,2,5,0,2,0,3,2,0
1448,0,1,0,2,3,0,0,2,0,2,0
1449,0,1,7,2,0,2,5,13,9,1,0
1450,8,0,6,4,4,2,46,0,0,1,0
1451,4,1,1,5,2,0,6,1,3,2,0
1452,0,1,5,2,1,2,8,4,5,1,0
1453,2,1,3,3,0,0,17,3,0,2,0
1454,8,1,12,9,1,1,4,7,2,1,0
1455,1,1,4,7,2,1,4,0,9,1,0
1456,0,1,9,4,4,0,5,5,3,2,0
1457,3,1,0,2,5,0,2,3,0,2,0
1458,5,1,2,2,2,0,10,7,3,1,0
1459,0,1,5,3,4,2,13,4,8,1,0
1460,2,1,3,4,2,0,17,3,0,2,0
1461,5,1,7,4,0,2,2,0,7,1,0
1462,7,0,0,1,3,0,0,0,0,4,0
1463,5,1,0,1,1,0,5,0,1,2,0
1464,0,1,0,1,1,0,2,2,3,4,0
1465,3,1,0,2,5,0,0,0,0,1,0
1466,5,1,0,1,1,0,5,0,3,2,0
1467,0,1,7,5,2,3,44,0,7,1,0
1468,2,1,3,2,3,0,17,0,3,2,0
1469,0,1,0,2,1,0,2,14,0,2,0
1470,0,1,9,4,0,0,5,5,3,2,0
1471,6,0,6,5,0,2,5,0,0,1,0
1472,0,1,9,4,5,0,10,14,1,1,0
1473,3,1,6,3,5,2,15,0,4,1,0
1474,6,0,8,9,2,1,10,0,0,1,0
1475,8,1,12,5,1,1,18,0,12,1,0
1476,5,0,0,2,2,0,28,2,0,0,0
1477,0,1,0,2,0,0,2,0,3,3,0
1478,3,1,9,4,5,0,5,0,0,1,0
1479,0,1,7,4,0,2,5,13,9,2,0
1480,0,0,6,1,0,2,35,4,0,1,0
1481,3,0,3,2,5,0,2,2,0,7,0
1482,7,1,0,2,3,0,0,0,0,2,0
1483,5,0,0,2,3,0,5,0,0,0,0
1484,8,1,5,4,0,2,13,4,10,1,0
1485,7,1,6,2,2,2,35,0,6,1,0
1486,3,0,3,3,5,0,2,2,3,3,0
1487,7,1,0,1,2,0,0,3,1,2,0
1488,8,0,1,4,0,0,1,3,0,1,0
1489,2,1,0,2,2,0,2,2,0,4,0
1490,2,1,6,3,2,2,17,0,11,2,0
1491,7,0,6,2,4,2,35,0,0,2,0
1492,4,0,9,5,2,0,0,2,0,2,0
1493,4,1,1,3,0,0,6,9,0,1,0
1494,3,0,10,3,0,1,4,0,0,2,0
1495,8,0,5,4,0,2,8,0,10,1,0
1496,6,0,5,4,0,2,8,0,0,1,0
1497,0,0,6,4,0,2,5,0,6,2,0
1498,2,0,6,3,2,2,16,0,0,2,0
1499,2,1,0,1,3,0,0,0,3,2,0
1500,4,0,6,3,3,2,17,0,0,1,0
1501,2,1,10,5,2,1,23,0,2,1,0
1502,8,0,10,6,5,1,4,0,2,2,0
1503,8,0,10,6,3,1,4,0,2,1,0
1504,8,0,6,4,5,2,4,0,5,1,0
1505,3,0,6,3,5,2,5,2,5,2,0
1506,3,1,9,2,1,0,5,2,0,2,0
1507,3,1,2,3,5,0,18,9,0,1,0
1508,2,0,3,3,3,0,24,2,0,2,0
1509,3,1,10,6,4,1,2,0,9,1,0
1510,5,0,9,4,2,3,0,5,0,2,0
1511,8,1,0,2,5,0,5,2,0,4,0
1512,8,1,6,3,2,2,15,0,5,1,0
1513,5,1,7,2,4,0,10,4,9,1,0
1514,2,1,2,4,2,0,3,7,0,2,0
1515,0,0,0,2,2,0,0,0,1,1,0
1516,5,1,2,2,0,0,10,7,0,2,0
1517,4,1,5,4,2,2,9,4,4,1,0
1518,5,1,0,2,0,0,5,2,3,1,0
1519,3,1,11,6,2,1,3,0,7,2,0
1520,2,1,3,2,2,0,2,2,0,3,0
1521,3,1,11,6,0,1,4,0,2,2,0
1522,8,0,3,4,5,0,0,2,0,2,0
1523,2,1,1,1,2,0,19,15,0,1,0
1524,5,1,6,3,3,2,35,0,10,1,0
1525,5,0,6,4,0,2,15,0,0,1,0
1526,0,1,0,1,0,0,5,2,3,1,0
1527,0,1,9,4,5,0,4,7,3,2,0
1528,5,0,10,4,2,1,23,0,0,2,0
1529,4,0,3,3,2,0,24,2,0,2,0
1530,2,1,10,4,2,1,4,0,2,1,0
1531,3,1,2,3,1,0,18,9,0,1,0
1532,2,1,0,2,3,0,2,2,0,4,0
1533,0,1,6,2,1,2,11,0,6,1,0
1534,7,1,0,2,2,0,2,2,0,4,0
1535,8,1,1,4,5,0,1,5,0,1,0
1536,5,1,0,1,5,0,5,2,0,1,0
1537,7,0,6,2,2,2,11,0,0,1,0
1538,4,1,1,2,2,0,1,0,1,1,0
1539,0,0,2,3,3,0,10,2,0,4,0
1540,0,0,0,1,0,0,0,2,1,2,0
1541,2,1,0,1,5,0,47,3,0,2,0
1542,2,0,3,3,2,0,24,2,0,3,0
1543,8,1,12,6,2,1,30,0,12,1,0
1544,5,0,0,2,3,0,0,2,0,2,0
1545,0,1,6,3,5,2,3,0,6,1,0
1546,7,1,0,2,3,0,2,2,0,1,0
1547,8,1,3,3,3,0,17,0,3,2,0
1548,7,1,0,1,4,0,2,2,3,5,0
1549,8,0,6,3,5,2,3,0,5,1,0
1550,5,1,6,1,0,2,11,0,5,1,0
1551,2,0,2,4,4,0,8,0,0,1,0
1552,5,1,10,5,2,1,3,0,7,1,0
1553,3,1,10,4,0,1,4,0,2,1,0
1554,2,1,1,3,2,0,1,9,0,1,0
1555,0,1,0,2,5,0,21,15,3,2,0
1556,5,0,6,4,0,2,28,0,6,1,0
1557,1,1,9,1,2,0,48,2,0,7,0
1558,5,1,6,1,2,2,15,0,6,1,0
1559,3,1,6,3,2,2,10,0,4,1,0
1560,5,1,6,3,4,2,5,0,6,1,0
1561,2,1,0,1,2,0,2,3,0,2,0
1562,0,1,9,3,0,0,2,0,0,1,0
1563,3,1,6,2,0,2,14,0,6,1,0
1564,0,0,9,1,3,3,0,2,0,2,0
1565,3,0,3,3,0,0,0,2,0,2,0
1566,8,1,6,2,0,2,14,4,5,1,0
1567,2,0,1,4,3,0,1,2,0,2,0
1568,1,1,4,5,5,1,4,0,12,1,0
1569,0,1,7,4,0,3,18,0,9,1,0
1570,0,0,0,2,0,0,0,11,0,1,0
1571,8,1,11,5,2,1,3,4,7,1,0
1572,5,1,0,1,1,0,5,2,0,1,0
1573,8,1,6,3,5,2,14,4,5,1,0
1574,3,1,0,1,5,0,2,2,0,1,0
1575,1,1,4,7,3,1,4,8,2,1,0
1576,0,1,7,2,2,3,5,13,9,1,0
1577,1,1,4,7,4,1,4,8,2,1,0
1578,2,0,3,3,3,0,17,0,0,4,0
1579,1,1,1,4,4,0,6,0,0,2,0
1580,2,1,3,2,2,0,17,3,0,2,0
1581,3,1,5,4,2,2,8,0,10,1,0
1582,8,1,3,0,5,0,5,2,0,2,0
1583,2,1,0,2,2,0,47,0,0,1,0
1584,0,1,5,2,4,2,9,4,8,1,0
1585,1,1,3,2,0,0,49,3,0,1,0
1586,2,1,6,3,4,2,22,0,11,2,0
1587,5,0,0,1,0,0,28,3,0,1,0
1588,0,1,9,5,5,3,2,11,3,2,0
1589,3,1,5,4,0,2,13,4,4,1,0
1590,0,0,0,2,0,0,0,0,3,2,0
1591,0,1,9,2,0,0,2,2,3,2,0
1592,8,0,3,3,2,0,0,5,3,1,0
1593,0,0,0,1,0,0,0,0,0,7,0
1594,8,0,3,3,2,0,17,0,3,2,0
1595,2,1,3,4,2,0,17,0,0,1,0
1596,6,0,3,4,4,0,2,0,0,0,0
1597,7,0,0,2,5,0,0,5,0,2,0
1598,3,1,10,3,0,1,4,0,2,1,0
1599,4,0,1,5,2,0,1,5,0,1,0
1600,0,1,0,0,0,0,0,0,3,2,0
1601,8,1,11,6,5,1,3,4,2,1,0
1602,0,1,0,2,0,0,0,2,3,2,0
1603,8,0,6,4,0,2,14,0,0,1,0
1604,2,1,9,2,2,0,2,2,0,2,0
1605,8,1,3,2,5,0,2,0,3,2,0
1606,2,1,1,2,2,0,6,5,0,2,0
1607,4,0,6,4,5,2,3,0,0,1,0
1608,1,1,8,9,2,1,25,0,0,1,0
1609,8,1,10,5,1,1,30,0,2,1,0
1610,5,0,6,4,2,2,15,0,6,1,0
1611,7,0,0,2,5,0,0,15,0,1,0
1612,2,1,0,2,0,0,49,2,0,2,0
1613,0,0,0,2,4,0,0,10,0,3,0
1614,2,0,5,4,2,2,9,0,6,1,0
1615,8,1,6,4,0,2,50,17,6,1,0
1616,2,0,3,3,2,0,24,2,0,4,0
1617,4,0,6,4,2,2,51,10,0,1,0
1618,5,1,1,3,2,0,52,2,1,2,0
1619,3,1,10,5,5,1,15,0,2,1,0
1620,1,0,8,7,2,1,25,0,0,2,0
1621,8,1,6,4,0,2,53,17,6,1,0
1622,4,1,3,4,3,0,2,2,0,2,0
1623,5,0,5,5,0,2,8,0,4,1,0
1624,8,1,0,2,1,0,0,0,1,1,0
1625,5,1,9,3,0,0,0,2,0,2,0
1626,4,0,6,4,2,2,14,0,0,2,0
1627,4,0,1,4,2,0,1,0,0,1,0
1628,5,1,6,3,0,2,18,0,6,1,0
1629,8,0,3,4,5,0,0,5,0,2,0
1630,2,1,11,5,2,1,4,0,7,1,0
1631,3,0,6,3,5,2,5,2,5,1,0
1632,3,1,3,3,5,0,5,2,0,2,0
1633,5,1,2,2,3,0,10,9,0,1,0
1634,3,1,2,2,3,0,10,9,3,1,0
1635,5,1,6,3,2,2,15,0,10,1,0
1636,2,1,3,4,2,0,17,2,0,3,0
1637,4,0,6,4,3,2,5,0,0,1,0
1638,5,1,5,2,0,2,8,4,10,1,0
1639,8,0,5,5,1,2,27,0,5,6,0
1640,0,0,0,2,5,0,5,0,0,3,0
1641,3,0,3,2,0,0,0,3,0,2,0
1642,2,1,5,4,0,2,8,4,10,1,0
1643,5,1,6,3,5,2,5,2,4,1,0
1644,3,0,3,2,5,0,0,2,0,2,0
1645,4,1,1,3,2,0,6,9,0,1,0
1646,4,0,6,4,5,2,51,10,0,1,0
1647,8,0,3,3,2,0,2,5,3,2,0
1648,4,1,3,3,2,0,17,0,3,2,0
1649,8,1,0,2,0,0,29,9,1,2,0
1650,7,1,1,2,2,0,6,5,0,2,0
1651,3,1,10,5,2,1,4,4,7,1,0
1652,1,1,4,7,5,1,4,0,9,1,0
1653,8,1,6,0,5,2,4,0,10,1,0
1654,4,1,5,4,2,2,13,4,4,1,0
1655,2,1,9,4,2,0,2,2,0,2,0
1656,0,0,0,1,0,0,28,2,0,4,0
1657,3,1,6,3,0,2,5,0,6,1,0
1658,3,1,6,2,5,2,15,4,10,1,0
1659,2,1,10,5,2,1,4,8,2,1,0
1660,2,1,10,6,2,1,4,0,7,5,0
1661,2,0,1,3,0,0,1,0,0,1,0
1662,0,0,6,4,3,2,5,0,6,1,0
1663,4,1,3,2,5,0,2,2,0,4,0
1664,5,1,0,1,1,0,5,2,1,7,0
1665,2,1,2,3,2,0,3,7,0,2,0
1666,8,0,10,5,0,1,4,0,0,1,0
1667,3,1,5,4,0,2,8,0,10,1,0
1668,3,1,6,0,2,2,5,2,11,1,0
1669,3,1,6,3,2,2,31,0,4,1,0
1670,2,1,3,2,0,0,49,3,0,1,0
1671,8,1,4,5,5,1,3,4,2,1,0
1672,5,1,2,3,2,0,10,7,3,1,0
1673,2,0,1,2,0,0,1,0,0,1,0
1674,8,0,3,4,0,0,24,5,0,2,0
1675,8,1,3,3,5,0,5,0,0,0,0
1676,4,0,3,2,3,0,24,3,1,2,0
1677,2,0,1,3,4,0,1,3,0,1,0
1678,3,0,6,4,1,2,14,0,0,1,0
1679,2,1,2,2,2,0,3,14,0,1,0
1680,6,1,4,7,0,1,23,0,2,1,0
1681,3,1,6,3,3,2,15,0,5,1,0
1682,8,1,3,3,5,0,5,0,3,4,0
1683,4,1,1,4,2,0,6,11,0,1,0
1684,0,1,2,2,2,0,10,9,12,1,0
1685,0,1,7,4,0,3,3,0,7,1,0
1686,0,0,2,2,0,0,14,3,1,1,0
1687,0,1,0,3,2,0,2,0,3,2,0
1688,8,1,1,4,0,0,54,0,3,2,0
1689,8,1,6,4,5,2,14,4,10,1,0
1690,7,1,0,1,3,0,0,0,0,2,0
1691,6,1,3,3,4,0,5,3,0,2,0
1692,3,1,2,2,2,0,3,0,0,3,0
1693,8,1,0,2,5,0,0,0,1,1,0
1694,0,1,5,3,3,2,13,4,8,1,0
1695,3,1,2,3,5,0,10,3,1,1,0
1696,8,1,2,2,0,0,26,9,0,1,0
1697,0,0,0,3,0,0,0,0,1,0,0
1698,2,1,2,3,2,0,3,9,0,1,0
1699,3,1,2,2,2,0,10,9,3,1,0
1700,5,0,0,1,0,0,0,2,0,3,0
1701,7,1,0,2,3,0,22,0,3,2,0
1702,4,1,3,4,3,0,17,2,3,2,0
1703,5,1,0,1,5,0,5,2,1,7,0
1704,4,1,1,5,0,0,6,1,3,2,0
1705,8,1,6,4,5,2,14,4,5,1,0
1706,3,1,0,2,5,0,0,0,0,4,0
1707,8,1,10,4,2,1,3,3,12,0,0
1708,0,1,9,4,5,3,10,14,1,1,0
1709,8,1,12,9,1,1,4,0,2,1,0
1710,8,0,12,7,1,1,39,0,0,1,0
1711,1,0,10,5,2,1,4,0,2,1,0
1712,8,1,12,7,0,1,2,0,2,1,0
1713,2,1,0,2,3,0,2,2,0,2,0
1714,2,0,6,3,3,2,55,0,6,1,0
1715,0,1,7,3,0,2,8,4,2,1,0
1716,0,1,2,2,4,0,10,0,0,1,0
1717,2,1,3,5,2,0,17,2,0,3,0
1718,4,0,0,3,3,0,0,0,0,2,0
1719,0,1,0,1,2,0,5,2,3,1,0
1720,3,1,3,2,5,0,5,2,0,1,0
1721,0,0,6,2,4,2,12,0,0,1,0
1722,8,1,3,3,1,0,5,5,0,2,0
1723,8,0,6,4,1,2,5,0,0,1,0
1724,3,1,5,3,0,2,13,4,10,1,0
1725,3,1,10,4,2,1,56,4,12,1,0
1726,3,0,3,4,4,0,0,2,0,2,0
1727,7,1,0,1,1,0,2,2,3,2,0
1728,0,1,0,3,0,0,2,0,3,2,0
1729,7,0,0,2,2,0,0,0,0,6,0
1730,0,1,7,4,2,2,20,2,7,5,0
1731,8,0,12,9,1,1,39,0,0,1,0
1732,8,0,3,3,5,0,0,2,0,4,0
1733,0,1,7,4,0,2,20,2,7,5,0
1734,6,1,4,9,5,1,4,0,2,1,0
1735,8,0,6,4,1,2,5,2,5,1,0
1736,7,0,0,1,2,0,0,11,1,1,0
1737,1,1,4,5,3,1,4,0,12,1,0
1738,5,1,0,1,5,0,5,0,3,0,0
1739,8,1,0,3,5,0,5,2,3,2,0
1740,3,0,10,5,2,1,3,0,2,1,0
1741,1,1,1,4,2,0,1,1,0,1,0
1742,8,0,6,4,3,2,2,0,5,1,0
1743,3,1,3,3,1,0,5,0,0,2,0
1744,2,1,3,2,2,0,17,0,3,2,0
1745,8,0,11,7,5,1,3,0,2,1,0
1746,0,0,6,4,0,2,28,0,0,1,0
1747,5,0,0,2,2,0,0,2,0,3,0
1748,6,0,8,10,2,1,57,0,0,1,0
1749,8,1,6,3,5,2,14,4,10,1,0
1750,3,1,6,2,5,2,15,0,4,1,0
1751,8,0,6,4,0,2,15,0,0,1,0
1752,4,0,10,5,2,1,4,0,2,1,0
1753,2,1,3,2,0,0,49,3,0,2,0
1754,8,0,6,4,0,2,46,0,0,1,0
1755,2,0,2,4,3,0,10,7,0,1,0
1756,8,0,10,6,5,1,35,0,2,1,0
1757,4,1,6,1,0,2,4,0,10,1,0
1758,7,0,6,3,3,2,12,0,0,2,0
1759,4,1,1,3,2,0,6,0,0,2,0
1760,0,1,7,4,0,3,18,10,7,5,0
1761,3,1,6,2,2,2,5,0,4,1,0
1762,0,1,0,2,3,0,0,5,0,1,0
1763,3,1,9,2,5,0,5,2,0,2,0
1764,0,1,7,4,2,3,3,9,7,1,0
1765,3,1,3,3,2,0,17,0,3,1,0
1766,8,0,6,4,5,2,2,0,5,1,0
1767,1,1,1,3,0,0,6,1,0,7,0
1768,8,0,3,4,4,0,0,2,0,2,0
1769,2,1,10,4,3,1,9,4,0,1,0
1770,1,1,12,6,2,1,39,7,12,1,0
1771,8,1,11,5,3,1,23,5,2,1,0
1772,8,0,3,4,0,0,0,2,0,3,0
1773,6,1,8,10,2,1,16,8,2,1,0
1774,0,1,7,3,2,3,8,4,2,1,0
1775,3,1,0,2,0,0,5,2,0,2,0
1776,8,1,3,4,4,0,5,2,3,2,0
1777,8,1,3,3,4,0,5,2,3,2,0
1778,2,1,3,3,4,0,58,2,0,2,0
1779,8,1,1,4,0,0,59,1,3,1,0
1780,2,0,2,4,2,0,14,0,0,1,0
1781,5,1,6,2,1,2,5,2,11,2,0
1782,8,1,2,4,0,0,26,14,0,1,0
1783,8,1,3,3,1,0,5,2,0,4,0
1784,6,1,3,4,4,0,5,3,0,7,0
1785,7,1,0,1,2,3,2,2,3,2,0
1786,3,1,2,2,4,0,3,0,3,3,0
1787,8,0,6,4,0,2,14,0,0,2,0
1788,6,0,8,10,2,1,10,0,0,2,0
1789,3,1,5,2,0,2,13,4,6,1,0
1790,4,1,3,2,3,0,2,2,0,4,0
1791,2,1,0,1,3,0,0,0,0,2,0
1792,4,0,6,4,3,2,51,10,0,1,0
1793,8,1,3,3,2,0,5,2,0,1,0
1794,8,1,12,7,5,1,39,0,2,1,0
1795,2,1,5,3,4,2,9,4,8,1,0
1796,8,0,3,4,0,0,0,3,0,2,0
1797,8,0,3,3,5,0,0,2,0,2,0
1798,3,1,3,4,5,0,2,1,0,5,0
1799,8,0,10,5,5,1,35,0,2,2,0
1800,3,0,6,4,5,2,2,0,5,1,0
1801,5,1,7,2,3,2,0,0,2,4,0
1802,3,1,6,3,4,2,5,0,11,2,0
1803,3,1,10,5,0,1,4,0,12,1,0
1804,0,1,0,1,0,0,0,0,0,0,0
1805,0,0,2,2,2,0,10,2,1,2,0
1806,8,0,3,3,0,0,17,0,3,2,0
1807,2,1,5,4,3,2,13,0,10,1,0
1808,8,1,2,2,0,0,12,0,0,3,0
1809,8,0,11,6,0,1,4,0,0,2,0
1810,6,1,8,9,2,1,25,0,9,1,0
1811,2,0,3,2,3,0,24,2,0,2,0
1812,3,1,6,1,0,2,15,0,10,1,0
1813,0,1,5,3,2,2,13,4,6,1,0
1814,4,0,11,7,0,1,4,0,0,1,0
1815,8,1,12,6,0,1,30,0,12,1,0
1816,8,0,10,6,5,1,34,0,2,1,0
1817,3,0,5,5,2,2,8,0,5,1,0
1818,3,0,10,5,5,1,35,5,2,1,0
1819,8,1,1,3,0,0,1,14,0,3,0
1820,3,1,3,3,0,0,5,0,0,7,0
1821,3,1,3,4,2,0,2,3,3,2,0
1822,3,0,0,3,5,0,2,0,0,2,0
1823,0,1,7,4,2,3,20,2,7,5,0
1824,7,1,0,1,3,0,0,0,3,2,0
1825,4,1,3,4,2,0,17,5,3,2,0
1826,5,1,9,4,3,3,2,2,3,2,0
1827,7,0,6,4,2,2,12,0,3,1,0
1828,3,1,0,2,5,0,2,0,1,1,0
1829,7,1,0,1,3,0,2,3,0,1,0
1830,0,0,6,4,2,2,15,0,0,2,0
1831,5,0,0,5,2,0,0,0,0,2,0
1832,2,1,3,2,1,0,7,2,0,2,0
1833,0,1,7,4,0,2,3,9,7,1,0
1834,2,1,3,2,2,0,24,2,0,2,0
1835,8,0,6,4,5,2,5,2,5,1,0
1836,3,0,3,4,5,0,2,0,0,2,0
1837,2,1,2,3,3,0,3,10,0,5,0
1838,3,1,10,6,0,1,4,0,2,1,0
1839,8,1,11,5,2,1,3,0,7,1,0
1840,3,1,3,4,5,0,5,2,0,1,0
1841,3,0,0,2,0,0,0,2,0,2,0
1842,3,0,6,4,4,2,5,0,0,1,0
1843,6,0,6,3,1,2,5,2,5,2,0
1844,4,0,6,4,2,2,3,0,0,1,0
1845,0,0,2,3,2,0,10,0,1,1,0
1846,7,1,0,1,5,0,2,2,3,2,0
1847,5,1,7,3,0,2,4,9,7,1,0
1848,7,1,0,2,3,0,17,0,3,2,0
1849,3,0,3,3,2,0,2,2,3,1,0
1850,2,1,3,3,2,0,17,2,0,2,0
1851,3,0,9,5,4,0,0,2,0,2,0
1852,0,1,7,4,0,3,20,5,7,5,0
1853,3,1,13,4,2,1,4,0,2,1,0
1854,8,0,3,4,4,0,0,3,0,2,0
1855,8,0,1,4,0,0,59,2,0,2,0
1856,8,0,10,5,0,1,4,0,0,2,0
1857,8,0,3,4,0,0,0,2,0,4,0
1858,3,1,9,4,1,0,5,2,0,2,0
1859,8,1,6,3,1,2,5,0,5,1,0
1860,3,1,3,3,5,0,5,2,3,7,0
1861,3,1,3,4,5,0,2,0,3,2,0
1862,2,1,11,5,2,1,4,0,7,2,0
1863,1,1,4,6,3,1,4,0,2,1,0
1864,2,0,5,4,0,2,9,0,6,1,0
1865,3,1,3,3,5,0,2,3,0,1,0
1866,3,1,11,5,4,1,4,0,2,1,0
1867,3,1,6,3,0,2,14,0,10,1,0
1868,7,0,5,4,4,2,8,0,1,1,0
1869,3,1,9,4,1,0,5,0,0,1,0
1870,5,1,6,2,3,2,35,0,10,1,0
1871,8,1,11,6,2,1,3,0,7,1,0
1872,8,1,6,3,0,2,14,0,10,1,0
1873,0,0,0,2,3,0,0,3,3,0,0
1874,8,0,0,3,2,0,0,2,0,9,0
1875,0,0,2,3,0,0,10,0,1,1,0
1876,8,0,3,3,5,0,2,2,3,4,0
1877,5,0,6,3,0,2,28,0,6,2,0
1878,2,0,2,4,0,0,14,9,0,1,0
1879,8,0,1,4,0,0,1,6,0,1,0
1880,1,1,11,4,2,1,4,8,2,1,0
1881,5,0,0,3,3,0,0,2,0,1,0
1882,8,1,5,4,4,2,13,4,10,1,0
1883,8,1,6,2,1,2,15,0,10,1,0
1884,5,1,6,3,1,2,11,0,8,1,0
1885,8,1,5,4,4,2,13,4,4,1,0
1886,5,0,5,4,5,2,8,0,6,1,0
1887,5,0,5,4,2,2,8,0,4,1,0
1888,5,1,0,2,3,0,0,2,3,4,0
1889,8,1,10,4,5,1,3,0,2,1,0
1890,3,0,9,4,0,0,0,2,0,2,0
1891,4,0,6,4,2,2,12,0,3,1,0
1892,8,1,0,2,5,0,5,2,0,2,0
1893,5,0,5,4,0,2,8,4,0,1,0
1894,8,1,6,4,4,2,28,0,11,2,0
1895,2,1,5,4,1,2,8,4,6,1,0
1896,3,1,0,2,1,0,0,0,0,1,0
1897,3,1,3,2,1,0,5,2,0,2,0
1898,6,0,4,7,0,1,3,0,0,1,0
1899,7,1,3,2,2,0,2,0,0,1,0
1900,3,1,3,2,3,0,17,0,3,4,0
1901,3,1,6,2,1,2,15,4,10,1,0
1902,8,1,6,2,4,2,35,0,10,1,0
1903,8,1,1,4,3,0,52,0,3,1,0
1904,8,1,12,9,0,1,2,0,2,1,0
1905,0,0,0,1,0,0,0,2,0,8,0
1906,0,0,0,3,2,0,0,0,0,0,0
1907,2,1,3,4,3,0,17,0,3,2,0
1908,8,0,3,4,2,0,2,2,3,1,0
1909,8,1,6,4,2,2,3,0,5,1,0
1910,5,1,6,2,0,2,18,0,6,1,0
1911,8,0,12,7,5,1,39,0,7,1,0
1912,0,1,9,2,2,3,5,2,3,2,0
1913,0,0,9,4,3,3,0,2,0,2,0
1914,0,0,0,1,0,0,28,10,0,6,0
1915,5,1,0,2,1,0,0,0,0,1,0
1916,3,1,6,2,0,2,5,0,6,1,0
1917,0,1,9,4,2,3,2,2,0,1,0
1918,8,0,1,4,0,0,59,3,0,1,0
1919,8,1,5,3,0,2,13,4,4,1,0
1920,5,1,0,2,0,0,0,0,0,0,0
1921,0,0,5,5,1,2,8,0,6,1,0
1922,2,1,10,5,2,1,4,0,7,2,0
1923,5,1,6,3,5,2,5,2,5,1,0
1924,3,0,6,4,0,2,15,0,0,1,0
1925,3,1,3,3,3,0,5,2,0,2,0
1926,8,0,12,9,1,1,39,0,2,1,0
1927,3,1,3,3,5,0,2,0,3,2,0
1928,8,1,6,3,5,2,15,0,5,1,0
1929,1,1,4,4,2,1,4,8,2,1,0
1930,7,0,6,3,4,2,12,0,0,2,0
1931,8,0,10,6,4,1,4,12,0,1,0
1932,3,1,2,2,0,0,3,0,0,3,0
1933,8,1,6,3,2,2,2,0,11,1,0
1934,0,1,9,3,3,3,2,0,0,1,0
1935,3,1,3,3,1,0,5,2,0,2,0
1936,2,1,10,6,3,1,4,0,12,2,0
1937,1,0,6,4,4,2,17,0,0,2,0
1938,3,0,3,4,0,0,0,2,0,2,0
1939,8,0,11,7,0,1,4,0,0,1,0
1940,1,0,10,6,3,1,4,0,2,1,0
1941,3,0,0,2,2,0,0,5,0,1,0
1942,8,0,6,4,4,2,5,0,0,1,0
1943,8,0,3,4,3,0,17,0,3,2,0
1944,5,1,6,2,5,2,15,0,5,1,0
1945,8,0,6,5,0,2,5,0,0,1,0
1946,1,1,4,10,4,1,4,0,12,1,0
1947,0,1,2,2,3,0,10,0,0,1,0
1948,2,1,3,2,3,0,24,2,0,2,0
1949,1,1,4,5,0,1,4,0,9,1,0
1950,8,0,1,4,1,0,1,0,0,1,0
1951,8,1,5,4,4,2,8,4,4,1,0
1952,3,1,0,2,0,0,5,9,0,2,0
1953,0,0,0,2,2,0,0,11,0,1,0
1954,6,1,4,6,0,1,4,0,2,2,0
1955,3,0,0,3,4,0,0,2,0,2,0
1956,0,0,0,2,5,0,0,2,0,3,0
1957,3,1,6,3,2,2,3,0,5,1,0
1958,3,1,6,3,0,2,60,0,6,1,0
1959,5,1,5,4,4,2,8,4,5,1,0
1960,0,1,0,1,0,0,0,2,0,4,0
1961,3,1,0,2,1,0,0,0,0,4,0
1962,8,1,6,4,4,2,61,0,6,1,0
1963,2,0,5,4,4,2,9,0,6,1,0
1964,3,1,10,5,4,1,27,0,2,1,0
1965,0,1,7,4,2,3,18,7,2,1,0
1966,7,1,0,2,3,0,0,3,0,2,0
1967,3,1,10,4,0,1,2,0,2,1,0
1968,3,1,6,4,4,2,18,0,4,1,0
1969,8,1,3,4,0,0,5,0,3,2,0
1970,8,1,3,4,4,0,5,3,0,7,0
1971,0,1,7,4,2,3,20,10,7,5,0
1972,3,0,6,4,4,2,16,0,0,2,0
1973,3,1,0,2,5,0,2,0,0,2,0
1974,0,1,5,4,3,2,8,4,4,1,0
1975,3,1,10,5,0,1,4,0,2,1,0
1976,2,1,0,1,1,0,61,3,0,2,0
1977,3,0,2,3,0,0,10,0,0,1,0
1978,8,1,2,3,0,0,3,7,0,1,0
1979,5,0,0,5,3,0,0,0,0,4,0
1980,3,0,6,3,0,2,15,0,0,2,0
1981,2,1,3,2,3,0,17,2,0,3,0
1982,6,1,4,5,2,1,16,0,2,1,0
1983,3,0,10,5,0,1,4,0,0,1,0
1984,0,0,2,2,2,0,14,0,0,1,0
1985,3,1,10,5,4,1,8,0,2,1,0
1986,5,1,2,2,0,0,16,0,0,1,0
1987,8,1,11,5,5,1,3,4,2,1,0
1988,2,1,3,3,0,0,7,2,0,2,0
1989,8,0,1,4,0,0,1,0,0,1,0
1990,0,0,2,4,2,0,10,2,0,2,0
1991,6,0,8,10,2,1,38,0,0,1,0
1992,3,1,2,3,2,0,3,0,0,1,0
1993,8,1,3,4,4,0,5,3,3,2,0
1994,8,1,2,3,1,0,20,10,0,1,0
1995,8,0,12,9,0,1,39,0,0,1,0
1996,2,1,3,2,5,0,0,6,0,3,0
1997,5,0,6,4,0,2,35,0,6,1,0
1998,3,0,6,3,4,2,17,0,0,2,0
1999,5,1,1,1,2,0,52,0,3,1,0
2000,2,1,3,2,3,0,24,2,0,4,0
2001,3,1,3,2,0,0,5,3,3,7,0
2002,0,1,0,2,4,0,0,2,0,2,0
2003,8,1,6,3,2,2,53,0,5,1,0
2004,1,1,10,5,4,1,3,0,3,2,0
2005,3,1,10,5,0,1,8,0,2,1,0
2006,3,0,2,3,2,0,10,1,0,3,0
2007,5,1,6,4,3,2,5,2,10,1,0
2008,3,1,11,5,2,1,4,0,2,1,0
2009,8,0,11,7,2,1,2,0,2,1,0
2010,2,0,3,2,4,0,17,5,0,2,0
2011,3,1,10,5,2,1,3,0,0,1,0
2012,8,0,10,6,0,1,4,0,0,1,0
2013,1,0,10,6,2,1,4,0,2,1,0
2014,2,0,5,3,0,2,8,0,5,1,0
2015,3,1,11,6,5,1,18,5,2,2,0
2016,3,1,3,3,2,0,5,2,0,5,0
2017,8,1,2,2,0,0,62,10,0,1,0
2018,8,1,11,6,3,1,63,0,2,1,0
2019,1,0,3,1,0,0,17,2,0,2,1
2020,6,0,3,3,0,0,24,2,0,2,1
2021,6,0,3,4,0,0,24,2,0,2,1
2022,1,0,4,3,0,1,23,0,2,1,1
2023,1,0,4,5,0,1,3,0,2,1,1
2024,1,0,4,5,0,1,3,0,2,1,1
2025,1,0,4,6,0,1,4,0,0,1,1
2026,1,0,4,6,0,1,4,0,0,1,1
2027,1,0,4,7,1,1,4,0,0,1,1
2028,1,0,6,4,4,2,5,0,0,1,1
2029,6,0,6,4,4,2,2,0,0,1,1
2030,6,0,6,4,0,2,5,0,0,3,1
2031,1,1,3,4,4,0,2,2,0,2,1
2032,1,1,3,4,0,0,2,2,0,2,1
2033,1,1,3,2,0,0,17,2,0,2,1
2034,1,1,3,4,0,0,2,0,0,1,1
2035,1,1,3,4,0,0,2,2,3,2,1
2036,1,1,3,4,0,0,2,0,0,2,1
2037,1,1,9,1,0,0,48,2,0,7,1
2038,1,0,1,5,0,0,1,5,0,1,1
2039,6,0,1,6,0,0,1,0,0,1,1
2040,1,1,4,6,0,1,4,0,7,1,1
2041,6,0,3,4,4,0,24,2,0,6,1
2042,1,1,3,2,0,0,2,3,0,1,1
2043,1,1,3,2,0,0,49,3,0,2,1
2044,1,1,3,1,0,0,17,3,0,2,1
2045,1,1,1,3,0,0,1,9,0,2,1
2046,1,0,6,4,0,2,31,0,0,2,1
2047,1,0,5,3,0,2,8,0,3,1,1
2048,1,0,5,4,0,2,8,0,0,1,1
2049,6,0,1,4,0,0,1,9,0,1,1
2050,6,0,1,4,0,0,1,2,0,2,1
2051,1,1,1,1,0,0,1,0,0,1,1
2052,1,1,1,3,0,0,1,5,0,1,1
2053,6,1,6,3,1,2,18,0,10,1,1
2054,1,1,6,4,4,2,5,0,6,1,1
2055,6,1,6,4,0,2,4,0,10,1,1
2056,1,1,4,5,0,1,4,0,2,1,1
2057,1,1,4,6,0,1,4,0,2,1,1
2058,4,1,5,4,0,2,13,4,6,1,1
2059,1,0,4,7,0,1,4,0,0,1,1
2060,6,0,3,4,4,0,24,2,0,2,1
2061,1,1,4,6,0,1,4,0,2,1,1
2062,1,1,4,7,1,1,4,0,9,1,1
2063,1,0,13,4,0,1,3,0,2,1,1
2064,1,1,13,5,0,1,4,0,2,1,1
2065,1,0,4,6,0,1,3,0,2,1,1
2066,1,0,6,4,0,2,5,0,0,2,1
2067,6,0,6,4,0,2,5,0,0,1,1
2068,1,1,3,4,4,0,64,2,0,2,1
2069,1,1,3,4,0,0,2,2,3,2,1
2070,1,1,5,3,0,2,13,4,10,1,1
2071,6,0,1,6,0,0,1,0,0,1,1
2072,1,1,4,5,0,1,4,0,12,1,1
2073,1,1,1,2,0,0,1,0,0,2,1
2074,6,1,1,4,0,0,59,6,0,2,1
2075,6,0,5,5,0,2,8,0,0,1,1
2076,1,0,1,4,4,0,1,2,0,2,1
2077,6,1,1,1,0,0,1,0,0,1,1
2078,1,1,1,1,0,0,1,0,0,1,1
2079,1,1,6,4,0,2,18,0,10,1,1
2080,1,0,4,6,0,1,41,0,0,1,1
2081,1,0,1,5,0,0,1,5,0,1,1
2082,1,1,3,1,0,0,17,3,0,2,1
2083,1,0,1,4,4,0,1,2,0,2,1
2084,6,0,1,6,0,0,1,9,0,1,1
2085,1,0,1,4,0,0,1,9,0,1,1
2086,1,1,6,4,0,2,5,0,6,1,1
2087,1,1,6,3,0,2,4,0,10,1,1
2088,1,1,4,7,0,1,4,0,7,1,1
2089,6,0,3,3,0,0,24,2,0,2,1
2090,1,0,4,5,1,1,4,0,0,1,1
2091,6,0,4,6,0,1,4,0,0,1,1
2092,1,0,6,5,0,2,5,0,0,2,1
2093,1,0,6,4,0,2,5,0,0,2,1
2094,6,0,6,4,4,2,2,0,0,1,1
2095,6,0,6,4,4,2,5,0,0,1,1
2096,6,0,6,6,4,2,5,0,0,1,1
2097,1,1,3,4,4,0,64,2,0,2,1
2098,1,1,5,3,0,2,13,4,10,1,1
2099,6,0,1,4,0,0,1,3,0,1,1
2100,1,1,3,4,0,0,2,0,0,1,1
2101,1,1,6,4,4,2,5,0,6,1,1
2102,4,1,1,3,0,0,1,1,0,0,1
2103,6,0,3,4,4,0,2,2,0,2,1
2104,6,0,4,9,0,1,4,0,0,1,1
2105,6,1,1,1,0,0,1,0,0,1,1
2106,6,0,3,4,4,0,24,2,0,6,1
2107,1,0,1,4,4,0,1,0,0,1,1
2108,6,1,6,4,4,2,2,0,6,1,1
2109,1,0,5,4,4,2,8,0,0,1,1
2110,6,0,1,4,0,0,1,3,0,1,1
2111,1,0,1,4,4,0,1,5,0,1,1
2112,6,1,5,5,4,2,13,4,4,1,1
2113,1,0,4,7,1,1,4,0,0,1,1
2114,6,1,6,5,0,2,5,0,3,1,1
2115,1,1,4,5,0,1,4,8,9,1,1
2116,6,0,3,4,4,0,24,2,0,2,1
2117,1,1,8,7,0,1,38,0,1,2,1
2118,4,1,5,4,0,2,13,4,6,1,1
2119,1,1,4,5,0,1,4,8,2,1,1
2120,6,0,1,4,4,0,1,2,0,2,1
2121,1,1,4,10,4,1,4,8,2,1,1
2122,1,1,12,7,4,1,52,11,2,1,1
2123,1,1,4,5,4,1,4,0,2,1,1
2124,1,1,3,4,0,0,2,2,0,2,1
2125,6,0,4,7,0,1,4,0,0,2,1
2126,1,0,3,1,0,0,17,2,0,2,1
2127,1,0,8,10,0,1,10,8,0,1,1
2128,6,0,8,10,0,1,10,0,0,1,1
2129,6,0,4,4,0,1,23,0,2,1,1
2130,6,0,4,7,1,1,4,0,0,1,1
2131,6,0,4,7,0,1,4,0,0,1,1
2132,6,0,1,4,0,0,1,9,0,1,1
2133,1,1,4,5,0,1,4,8,12,1,1
2134,6,1,5,6,0,2,8,4,6,1,1
2135,6,0,4,8,0,1,4,0,0,1,1
2136,6,0,4,9,0,1,4,0,0,1,1
2137,6,0,3,1,0,0,17,3,0,2,1
2138,6,0,8,10,0,1,57,0,0,1,1
2139,6,1,8,10,0,1,16,8,3,1,1
2140,1,0,4,10,0,1,3,0,2,1,1
2141,1,1,4,9,0,1,4,0,2,1,1
2142,6,0,1,4,4,0,1,6,0,1,1
2143,6,0,5,4,0,2,13,4,0,1,1
2144,6,0,4,7,1,1,4,0,0,1,1
2145,1,1,4,9,4,1,4,0,2,1,1
2146,1,1,12,7,4,1,52,11,2,1,1
2147,6,1,4,4,0,1,23,0,2,1,1
2148,6,0,8,10,0,1,57,0,0,1,1
2149,6,1,6,5,0,2,4,0,1,1,1
2150,6,0,4,3,0,1,23,0,2,1,1
2151,6,1,4,4,0,1,23,0,2,1,1
2152,6,0,8,10,0,1,10,0,0,2,1
2153,6,0,6,6,1,2,42,0,0,1,1
2154,6,0,3,1,0,0,17,3,0,2,1
2155,6,0,4,3,0,1,23,0,2,1,1
2156,6,1,4,9,0,1,4,0,2,1,1
2157,6,0,6,4,0,2,35,0,0,1,1
2158,1,1,3,4,0,0,59,2,3,2,1
2159,6,1,1,4,0,0,54,9,0,1,1
2160,1,1,4,10,4,1,4,8,2,1,1
2161,4,0,3,1,0,0,17,2,0,2,1
2162,1,1,4,7,4,1,4,0,2,1,1
2163,1,1,4,5,0,1,4,0,2,1,1
2164,1,1,4,7,0,1,4,0,2,1,1
2165,6,1,1,4,0,0,52,2,0,2,1
2166,6,1,6,3,0,2,4,0,10,1,1
2167,6,0,1,4,0,0,1,8,0,2,1
2168,1,0,4,3,0,1,23,0,2,1,1
2169,6,0,1,4,0,0,1,6,0,1,1
2170,6,1,4,4,0,1,23,0,0,1,1
2171,6,0,4,7,0,1,4,5,0,1,1
2172,6,1,5,4,0,2,13,4,10,1,1
2173,6,1,4,7,0,1,4,0,12,2,1
2174,6,0,6,5,0,2,32,0,0,1,1
2175,6,1,6,4,0,2,4,0,6,1,1
2176,6,1,4,4,0,1,23,0,0,1,1
2177,1,1,4,7,0,1,4,0,12,1,1
2178,6,0,1,4,0,0,1,2,0,2,1
2179,1,0,4,7,4,1,3,0,2,1,1
2180,1,0,5,4,0,2,8,0,6,2,1
2181,6,1,4,9,4,1,4,0,2,1,1
2182,6,0,1,4,0,0,59,3,0,1,1
2183,6,0,1,4,0,0,1,2,0,3,1
2184,6,0,4,4,0,1,23,0,2,1,1
2185,6,1,4,8,0,1,4,0,2,2,1
2186,1,1,4,8,0,1,4,0,2,1,1
2187,1,1,4,7,0,1,4,0,2,2,1
2188,6,0,1,4,0,0,1,6,0,2,1
2189,6,1,1,4,0,0,54,7,3,1,1
2190,6,0,6,4,0,2,35,0,0,1,1
2191,6,1,4,7,0,1,4,0,2,1,1
2192,6,0,4,7,0,1,4,0,0,2,1
2193,6,1,4,7,0,1,4,0,12,2,1
